,,,,AE
0,341.38132,,-61.38132,0
1,324.29715,,-44.29715,0
2,325.22147,,-45.22147,2.77655
3,317.22345,,-37.22345,0
4,334.5644,,-54.5644,0
5,326.30658,,-46.30658,0.8887
6,319.1113,,-39.1113,0
7,323.53732,,-43.53732,0
8,340.5047,,-60.5047,0
9,330.09814,,-50.09814,0
10,324.64215,,-44.64215,0
11,326.15417,,-46.15417,0
12,325.1362,,-45.1362,2.76486
13,317.23514,,-37.23514,0
14,338.54623,,-58.54623,0
15,322.48975,,-42.48975,4.25458
16,315.74542,,-35.74542,0
17,336.4866,,-56.4866,0
18,324.0383,,-44.0383,0
19,322.10577,,-42.10577,4.2399
20,315.7601,,-35.7601,7.04196
21,312.95804,,-32.95804,0.06473
22,319.93527,,-39.93527,3.25153
23,316.74847,,-36.74847,0
24,325.3678,,-45.3678,0.84927
25,319.15073,,-39.15073,0
26,327.69913,,-47.69913,0
27,321.35062,,-41.35062,0
28,328.39038,,-48.39038,0
29,329.87286,,-49.87286,0
30,336.02777,,-56.02777,1.27216
31,318.72784,,-38.72784,0
32,338.76785,,-58.76785,0
33,332.09418,,-52.09418,0
34,332.443,,-52.443,0
35,340.38162,,-60.38162,0
36,336.0915,,-56.0915,2.53198
37,317.46802,,-37.46802,8.34076
38,311.65924,,-31.65924,0
39,325.0487,,-45.0487,0
40,338.71848,,-58.71848,0
41,321.5871,,-41.5871,31.2211
42,288.7789,,-8.7789,0
43,323.44916,,-43.44916,0
44,330.22037,,-50.22037,0
45,321.34467,,-41.34467,0
46,334.21182,,-54.21182,0
47,326.12878,,-46.12878,0
48,328.18692,,-48.18692,0
49,327.16498,,-47.16498,0
50,326.06912,,-46.06912,0
51,325.85403,,-45.85403,0
52,327.34402,,-47.34402,0
53,321.65607,,-41.65607,0
54,328.40228,,-48.40228,0
55,330.37286,,-50.37286,0
56,320.68613,,-40.68613,0
57,327.5847,,-47.5847,0
58,330.71362,,-50.71362,0
59,321.07086,,-41.07086,0
60,327.26843,,-47.26843,0
61,328.19528,,-48.19528,0
62,324.55206,,-44.55206,0
63,324.3939,,-44.3939,0
64,322.82028,,-42.82028,0.67618
65,319.32382,,-39.32382,0
66,326.2213,,-46.2213,0
67,325.2628,,-45.2628,0
68,325.7362,,-45.7362,0
69,336.657,,-56.657,11.47574
70,308.52426,,-28.52426,0
71,325.85104,,-45.85104,1.83337
72,318.16663,,-38.16663,0
73,321.3295,,-41.3295,0
74,330.68225,,-50.68225,0
75,320.6924,,-40.6924,30.32794
76,289.67206,,-9.67206,16.6575
77,303.3425,,-23.3425,0.97473
78,319.02527,,-39.02527,0
79,329.9039,,-49.9039,0
80,320.51862,,-40.51862,0
81,321.5353,,-41.5353,0
82,325.49783,,-45.49783,0
83,322.83606,,-42.83606,0
84,325.68152,,-45.68152,5.22873
85,314.77127,,-34.77127,0
86,324.65814,,-44.65814,0
87,330.93704,,-50.93704,2.31036
88,317.68964,,-37.68964,0
89,324.53384,,-44.53384,0
90,320.46912,,-40.46912,0
91,328.1683,,-48.1683,0
92,329.16565,,-49.16565,0.846
93,319.154,,-39.154,0
94,325.71835,,-45.71835,0
95,320.48593,,-40.48593,0
96,334.817,,-54.817,0
97,329.4121,,-49.4121,5.48203
98,314.51797,,-34.51797,0
99,322.00647,,-42.00647,0
100,331.72153,,-51.72153,0
101,322.9365,,-42.9365,0
102,322.9297,,-42.9297,0
103,331.7244,,-51.7244,0
104,333.02176,,-53.02176,0
105,320.76627,,-40.76627,13.381
106,306.619,,-26.619,3.8936
107,316.1064,,-36.1064,0
108,324.40283,,-44.40283,0
109,333.95844,,-53.95844,0
110,324.01154,,-44.01154,0
111,325.64084,,-45.64084,0
112,335.43204,,-55.43204,0
113,336.51654,,-56.51654,0
114,327.74136,,-47.74136,0
115,331.61893,,-51.61893,0
116,329.68335,,-49.68335,0
117,327.53568,,-47.53568,0
118,330.27267,,-50.27267,0
119,339.93015,,-59.93015,0
120,335.79727,,-55.79727,0
121,324.1088,,-44.1088,0
122,326.76218,,-46.76218,0
123,329.0459,,-49.0459,0
124,328.06143,,-48.06143,0
125,333.7384,,-53.7384,0
126,324.48566,,-44.48566,5.40143
127,314.59857,,-34.59857,13.38287
128,306.61713,,-26.61713,32.0441
129,287.9559,,-7.9559,32.36636
130,287.63364,,-7.63364,19.3152
131,300.6848,,-20.6848,29.30402
132,290.69598,,-10.69598,0
133,326.411,,-46.411,0
134,327.7968,,-47.7968,0
135,335.41687,,-55.41687,6.40887
136,313.59113,,-33.59113,0.95038
137,319.04962,,-39.04962,0.01172
138,319.98828,,-39.98828,0
139,328.7958,,-48.7958,0
140,326.83377,,-46.83377,0
141,333.01157,,-53.01157,2.1822
142,317.8178,,-37.8178,0
143,327.9727,,-47.9727,0
144,330.48645,,-50.48645,0
145,321.29453,,-41.29453,0
146,340.7778,,-60.7778,0
147,330.58057,,-50.58057,0
148,325.21033,,-45.21033,0
149,322.7874,,-42.7874,0
150,323.43192,,-43.43192,0
151,332.89572,,-52.89572,0
152,320.91928,,-40.91928,0
153,324.27002,,-44.27002,0
154,325.90546,,-45.90546,0
155,321.42087,,-41.42087,0
156,324.13208,,-44.13208,2.7508
157,317.2492,,-37.2492,9.12158
158,310.87842,,-30.87842,1.0605
159,318.9395,,-38.9395,0
160,321.26285,,-41.26285,0
161,326.7887,,-46.7887,0
162,324.19754,,-44.19754,0.3715
163,319.6285,,-39.6285,0
164,327.35712,,-47.35712,0
165,321.32782,,-41.32782,28.64047
166,291.35953,,-11.35953,8.18082
167,311.81918,,-31.81918,2.49542
168,317.50458,,-37.50458,1.10233
169,318.89767,,-38.89767,0.62384
170,319.37616,,-39.37616,0.29108
171,319.70892,,-39.70892,0
172,322.21307,,-42.21307,0
173,329.266,,-49.266,0
174,328.91312,,-48.91312,0
175,335.0086,,-55.0086,0
176,333.1543,,-53.1543,0
177,320.93103,,-40.93103,0
178,363.39493,,-83.39493,0
179,326.33215,,-46.33215,0
180,326.5721,,-46.5721,0
181,332.33978,,-52.33978,0
182,327.9547,,-47.9547,0
183,320.6807,,-40.6807,0
184,330.17892,,-50.17892,0
185,329.27435,,-49.27435,0
186,337.53485,,-57.53485,0
187,340.2262,,-60.2262,0
188,321.49692,,-41.49692,0
189,323.4392,,-43.4392,0
190,328.79816,,-48.79816,0
191,321.77765,,-41.77765,0
192,332.86993,,-52.86993,0.6296
193,319.3704,,-39.3704,0
194,325.53006,,-45.53006,0
195,324.09277,,-44.09277,0
196,325.03598,,-45.03598,2.61694
197,317.38306,,-37.38306,0
198,320.79135,,-40.79135,0
199,329.7319,,-49.7319,2.92395
200,317.07605,,-37.07605,1.37308
201,318.62692,,-38.62692,0
202,338.479,,-58.479,0
203,321.14752,,-41.14752,0
204,334.41705,,-54.41705,9.16367
205,310.83633,,-30.83633,0.08286
206,319.91714,,-39.91714,0
207,326.40118,,-46.40118,0
208,333.1038,,-53.1038,0
209,325.50714,,-45.50714,0
210,338.27515,,-58.27515,0
211,321.33658,,-41.33658,0
212,331.19873,,-51.19873,0
213,320.2225,,-40.2225,0
214,321.7252,,-41.7252,0
215,320.7008,,-40.7008,10.0691
216,309.9309,,-29.9309,15.94128
217,304.05872,,-24.05872,0
218,339.58514,,-59.58514,0
219,321.55887,,-41.55887,14.43054
220,305.56946,,-25.56946,18.89642
221,301.10358,,-21.10358,0
222,321.42426,,-41.42426,2.8544
223,317.1456,,-37.1456,8.06735
224,311.93265,,-31.93265,2.38205
225,317.61795,,-37.61795,0
226,328.4046,,-48.4046,0
227,367.58585,,-87.58585,3.78442
228,316.21558,,-36.21558,0
229,334.35443,,-54.35443,0
230,321.29898,,-41.29898,0
231,329.67435,,-49.67435,0
232,322.3077,,-42.3077,0.5695
233,319.4305,,-39.4305,0
234,323.75092,,-43.75092,0
235,332.5872,,-52.5872,0.7618
236,319.2382,,-39.2382,0
237,320.6104,,-40.6104,1.42624
238,318.57376,,-38.57376,0
239,321.66522,,-41.66522,0
240,325.12595,,-45.12595,0
241,330.11057,,-50.11057,0
242,321.8818,,-41.8818,0
243,322.46915,,-42.46915,2.30054
244,317.69946,,-37.69946,0
245,320.97684,,-40.97684,10.4454
246,309.5546,,-29.5546,0
247,321.93045,,-41.93045,0
248,331.91626,,-51.91626,2.71396
249,317.28604,,-37.28604,3.09003
250,316.90997,,-36.90997,0
251,320.97177,,-40.97177,1.17554
252,318.82446,,-38.82446,0
253,334.85516,,-54.85516,3.46597
254,316.53403,,-36.53403,0
255,325.66876,,-45.66876,0
256,330.5309,,-50.5309,0
257,321.69208,,-41.69208,0
258,320.28308,,-40.28308,2.5365
259,317.4635,,-37.4635,0
260,326.32965,,-46.32965,0
261,331.42078,,-51.42078,0
262,323.26373,,-43.26373,0
263,327.3863,,-47.3863,0
264,325.69162,,-45.69162,0
265,330.07217,,-50.07217,2.77115
266,317.22885,,-37.22885,0
267,342.44427,,-62.44427,0
268,330.75296,,-50.75296,0.01154
269,319.98846,,-39.98846,0
270,321.07663,,-41.07663,0
271,321.05783,,-41.05783,0
272,331.60474,,-51.60474,0
273,329.94034,,-49.94034,0
274,321.72012,,-41.72012,0
275,322.2108,,-42.2108,0
276,336.82043,,-56.82043,0
277,329.7264,,-49.7264,0
278,331.51462,,-51.51462,0
279,321.96024,,-41.96024,0
280,327.02808,,-47.02808,0
281,323.69717,,-43.69717,2.13858
282,317.86142,,-37.86142,0
283,324.4074,,-44.4074,0
284,324.37463,,-44.37463,0
285,323.32156,,-43.32156,0
286,329.31546,,-49.31546,0
287,376.1795,,-96.1795,0
288,327.56384,,-47.56384,0
289,324.93896,,-44.93896,0
290,325.32053,,-45.32053,7.86835
291,312.13165,,-32.13165,5.3481
292,314.6519,,-34.6519,0
293,331.05948,,-51.05948,9.78702
294,310.21298,,-30.21298,0
295,327.08792,,-47.08792,0
296,322.93817,,-42.93817,0
297,321.79593,,-41.79593,0
298,326.04422,,-46.04422,0
299,327.55804,,-47.55804,0
300,345.62363,,-65.62363,0
301,331.70316,,-51.70316,0
302,330.81232,,-50.81232,0
303,325.09512,,-45.09512,0
304,331.4656,,-51.4656,4.46646
305,315.53354,,-35.53354,0
306,329.26093,,-49.26093,0
307,327.99915,,-47.99915,0
308,330.12207,,-50.12207,0
309,323.96335,,-43.96335,1.31195
310,318.68805,,-38.68805,0
311,320.8147,,-40.8147,0
312,322.27338,,-42.27338,0
313,329.391,,-49.391,0
314,321.75543,,-41.75543,0
315,322.43906,,-42.43906,0
316,329.61896,,-49.61896,0
317,330.29575,,-50.29575,2.4392
318,317.5608,,-37.5608,5.9342
319,314.0658,,-34.0658,0.9314
320,319.0686,,-39.0686,0.10016
321,319.89984,,-39.89984,0
322,320.054,,-40.054,0.8703
323,319.1297,,-39.1297,0
324,328.7265,,-48.7265,4.7048
325,315.2952,,-35.2952,5.47235
326,314.52765,,-34.52765,0
327,325.82687,,-45.82687,0.8975
328,319.1025,,-39.1025,16.18027
329,303.81973,,-23.81973,0
330,328.12534,,-48.12534,0
331,324.14868,,-44.14868,0
332,324.8724,,-44.8724,0
333,323.33206,,-43.33206,6.52362
334,313.47638,,-33.47638,1.22168
335,318.77832,,-38.77832,0
336,333.90103,,-53.90103,0
337,325.8491,,-45.8491,0
338,344.24188,,-64.24188,0
339,336.9005,,-56.9005,0
340,325.95123,,-45.95123,0
341,322.9581,,-42.9581,2.16858
342,317.83142,,-37.83142,0
343,327.68076,,-47.68076,12.9815
344,307.0185,,-27.0185,0
345,327.27448,,-47.27448,6.04318
346,313.95682,,-33.95682,0
347,330.7393,,-50.7393,0
348,325.60214,,-45.60214,0
349,326.684,,-46.684,0
350,320.6207,,-40.6207,2.6904
351,317.3096,,-37.3096,0
352,326.7597,,-46.7597,0
353,321.1151,,-41.1151,0
354,321.20267,,-41.20267,0
355,321.17392,,-41.17392,0
356,322.68707,,-42.68707,23.07224
357,296.92776,,-16.92776,0
358,324.15778,,-44.15778,0
359,325.59348,,-45.59348,0
360,328.57047,,-48.57047,2.98508
361,317.01492,,-37.01492,2.13785
362,317.86215,,-37.86215,0
363,329.26938,,-49.26938,0
364,327.66696,,-47.66696,0
365,337.95044,,-57.95044,0
366,322.88315,,-42.88315,0
367,325.90952,,-45.90952,4.81006
368,315.18994,,-35.18994,7.0408
369,312.9592,,-32.9592,0
370,335.19995,,-55.19995,0
371,327.20685,,-47.20685,0
372,323.73743,,-43.73743,0
373,325.06705,,-45.06705,4.5014
374,315.4986,,-35.4986,0
375,330.77112,,-50.77112,0
376,337.77692,,-57.77692,0
377,327.1289,,-47.1289,0
378,324.66608,,-44.66608,0
379,323.81683,,-43.81683,0
380,328.88913,,-48.88913,2.78217
381,317.21783,,-37.21783,0
382,332.42627,,-52.42627,0
383,326.46814,,-46.46814,0
384,326.35208,,-46.35208,0
385,328.30527,,-48.30527,0
386,335.7928,,-55.7928,0
387,326.53305,,-46.53305,0
388,327.76096,,-47.76096,7.98065
389,312.01935,,-32.01935,0
390,320.71204,,-40.71204,0.0886
391,319.9114,,-39.9114,0
392,330.55823,,-50.55823,0
393,338.8354,,-58.8354,0
394,331.48123,,-51.48123,0
395,323.872,,-43.872,0
396,328.93594,,-48.93594,0
397,322.1746,,-42.1746,0
398,330.76022,,-50.76022,0
399,328.66708,,-48.66708,0
400,332.30524,,-52.30524,0
401,333.03812,,-53.03812,0
402,333.88272,,-53.88272,0
403,332.27872,,-52.27872,0
404,327.2503,,-47.2503,0
405,334.50894,,-54.50894,0
406,326.0445,,-46.0445,0
407,332.55722,,-52.55722,0
408,321.0959,,-41.0959,0
409,338.1933,,-58.1933,0
410,325.0158,,-45.0158,0
411,324.98483,,-44.98483,5.13226
412,314.86774,,-34.86774,3.71954
413,316.28046,,-36.28046,12.0233
414,307.9767,,-27.9767,0.74487
415,319.25513,,-39.25513,0
416,343.87326,,-63.87326,0
417,323.60794,,-43.60794,8.75546
418,311.24454,,-31.24454,0
419,329.0646,,-49.0646,0
420,326.00757,,-46.00757,0
421,322.5844,,-42.5844,1.93698
422,318.06302,,-38.06302,0
423,327.4468,,-47.4468,0
424,340.02594,,-60.02594,0
425,348.996,,-68.996,0
426,327.74188,,-47.74188,1.6676
427,318.3324,,-38.3324,0
428,327.07916,,-47.07916,0.498
429,319.502,,-39.502,0
430,326.97717,,-46.97717,3.28824
431,316.71176,,-36.71176,3.39545
432,316.60455,,-36.60455,2.4609
433,317.5391,,-37.5391,0
434,323.98212,,-43.98212,2.92325
435,317.07675,,-37.07675,0
436,337.4826,,-57.4826,0
437,323.147,,-43.147,0
438,330.6162,,-50.6162,0
439,329.99634,,-49.99634,0
440,330.81165,,-50.81165,0
441,328.60187,,-48.60187,0
442,335.64755,,-55.64755,0
443,323.67297,,-43.67297,0
444,326.78247,,-46.78247,1.91968
445,318.08032,,-38.08032,3.19434
446,316.80566,,-36.80566,7.29984
447,312.70016,,-32.70016,3.81583
448,316.18417,,-36.18417,6.62482
449,313.37518,,-33.37518,0
450,321.68243,,-41.68243,0
451,331.23383,,-51.23383,0
452,322.9789,,-42.9789,3.56134
453,316.43866,,-36.43866,5.73724
454,314.26276,,-34.26276,2.41885
455,317.58115,,-37.58115,0
456,323.68088,,-43.68088,0
457,322.57056,,-42.57056,0
458,329.9851,,-49.9851,0
459,331.52,,-51.52,0
460,324.1779,,-44.1779,0
461,326.77292,,-46.77292,0
462,324.5205,,-44.5205,0
463,327.89865,,-47.89865,0
464,324.43604,,-44.43604,0
465,323.31015,,-43.31015,2.44315
466,317.55685,,-37.55685,0
467,322.81818,,-42.81818,9.9406
468,310.0594,,-30.0594,0
469,322.5825,,-42.5825,0
470,323.5852,,-43.5852,8.51053
471,311.48947,,-31.48947,0
472,322.42114,,-42.42114,0
473,326.837,,-46.837,0
474,326.69815,,-46.69815,0
475,320.80295,,-40.80295,1.48364
476,318.51636,,-38.51636,0
477,325.09744,,-45.09744,0
478,325.98633,,-45.98633,0
479,325.89667,,-45.89667,0
480,328.41367,,-48.41367,0
481,329.4208,,-49.4208,0
482,331.88647,,-51.88647,0
483,324.00992,,-44.00992,14.88226
484,305.11774,,-25.11774,0
485,332.54144,,-52.54144,0
486,328.02097,,-48.02097,2.51462
487,317.48538,,-37.48538,0
488,329.8938,,-49.8938,0
489,326.59982,,-46.59982,0
490,323.9701,,-43.9701,0
491,333.86035,,-53.86035,0
492,334.7329,,-54.7329,0
493,332.04492,,-52.04492,0.12762
494,319.87238,,-39.87238,0
495,333.03717,,-53.03717,0
496,339.61224,,-59.61224,0
497,324.17545,,-44.17545,0
498,323.9797,,-43.9797,0
499,329.8725,,-49.8725,0
500,330.7636,,-50.7636,0
501,331.22635,,-51.22635,0
502,325.2433,,-45.2433,0
503,333.6748,,-53.6748,0
504,335.25064,,-55.25064,0
505,335.7267,,-55.7267,0
506,328.6287,,-48.6287,0
507,326.35104,,-46.35104,0
508,327.15356,,-47.15356,0
509,320.07892,,-40.07892,0
510,325.4577,,-45.4577,1.42426
511,318.57574,,-38.57574,0
512,334.07468,,-54.07468,0
513,329.99323,,-49.99323,0
514,330.3603,,-50.3603,0
515,326.4967,,-46.4967,0
516,332.19714,,-52.19714,0
517,348.94186,,-68.94186,0
518,340.20667,,-60.20667,0
519,339.13123,,-59.13123,0
520,330.21878,,-50.21878,2.22037
521,317.77963,,-37.77963,0
522,323.58936,,-43.58936,0
523,330.9717,,-50.9717,0
524,323.6048,,-43.6048,0
525,334.07306,,-54.07306,0
526,337.51987,,-57.51987,0
527,330.89914,,-50.89914,0
528,327.72818,,-47.72818,0
529,323.2961,,-43.2961,0
530,329.75552,,-49.75552,0
531,328.2346,,-48.2346,0
532,326.54956,,-46.54956,0
533,343.70712,,-63.70712,0
534,321.4591,,-41.4591,2.54056
535,317.45944,,-37.45944,0
536,329.1263,,-49.1263,0
537,335.0198,,-55.0198,0
538,340.2543,,-60.2543,0
539,326.33328,,-46.33328,0.1189
540,319.8811,,-39.8811,0
541,330.75156,,-50.75156,0.91058
542,319.08942,,-39.08942,0
543,328.7245,,-48.7245,0
544,320.4854,,-40.4854,0
545,328.8652,,-48.8652,0
546,329.8403,,-49.8403,0
547,333.93613,,-53.93613,0
548,337.2852,,-57.2852,0
549,332.65097,,-52.65097,0
550,327.6284,,-47.6284,0
551,344.17148,,-64.17148,0
552,330.6342,,-50.6342,0
553,325.20837,,-45.20837,0
554,334.76587,,-54.76587,0
555,331.77576,,-51.77576,0
556,326.731,,-46.731,0
557,321.24323,,-41.24323,0
558,333.81985,,-53.81985,0
559,323.1308,,-43.1308,0
560,324.73096,,-44.73096,0
561,333.27902,,-53.27902,0
562,335.5404,,-55.5404,0
563,332.19675,,-52.19675,0
564,335.7185,,-55.7185,0
565,335.0455,,-55.0455,0
566,335.85788,,-55.85788,2.54214
567,317.45786,,-37.45786,0
568,329.57443,,-49.57443,0
569,349.8117,,-69.8117,5.4377
570,314.5623,,-34.5623,0
571,320.11526,,-40.11526,0
572,337.22705,,-57.22705,0
573,326.9338,,-46.9338,0
574,328.99368,,-48.99368,0
575,321.39304,,-41.39304,0
576,328.50732,,-48.50732,0
577,330.08563,,-50.08563,0
578,333.60132,,-53.60132,0
579,328.64697,,-48.64697,0
580,324.42294,,-44.42294,0
581,326.56357,,-46.56357,0
582,331.9485,,-51.9485,1.1533
583,318.8467,,-38.8467,0
584,323.11597,,-43.11597,0
585,320.85358,,-40.85358,0
586,339.41556,,-59.41556,2.45673
587,317.54327,,-37.54327,0
588,328.40546,,-48.40546,0
589,326.56458,,-46.56458,0
590,320.1405,,-40.1405,0
591,342.88986,,-62.88986,0
592,326.76245,,-46.76245,0
593,339.12238,,-59.12238,0
594,327.44388,,-47.44388,0
595,328.20816,,-48.20816,0
596,334.095,,-54.095,1.81802
597,318.18198,,-38.18198,0
598,330.4588,,-50.4588,0
599,328.54767,,-48.54767,2.7049
600,317.2951,,-37.2951,0
601,324.64847,,-44.64847,0
602,320.81964,,-40.81964,0.2448
603,319.7552,,-39.7552,0
604,328.82025,,-48.82025,0
605,326.13577,,-46.13577,0
606,324.82178,,-44.82178,0
607,330.528,,-50.528,0
608,320.75568,,-40.75568,0
609,322.11505,,-42.11505,3.76773
610,316.23227,,-36.23227,25.5367
611,294.4633,,-14.4633,1.30847
612,318.69153,,-38.69153,3.3578
613,316.6422,,-36.6422,19.30643
614,300.69357,,-20.69357,2.10858
615,317.89142,,-37.89142,0
616,323.6107,,-43.6107,19.13367
617,300.86633,,-20.86633,4.9984
618,315.0016,,-35.0016,20.50735
619,299.49265,,-19.49265,0
620,322.21594,,-42.21594,0
621,324.9737,,-44.9737,0
622,331.14322,,-51.14322,0
623,330.12134,,-50.12134,0
624,335.58884,,-55.58884,0
625,327.4107,,-47.4107,0
626,338.4584,,-58.4584,0
627,333.30374,,-53.30374,4.2062
628,315.7938,,-35.7938,0
629,326.33835,,-46.33835,0
630,332.21567,,-52.21567,0
631,327.42523,,-47.42523,0.6951
632,319.3049,,-39.3049,0
633,322.48965,,-42.48965,3.80063
634,316.19937,,-36.19937,0.02686
635,319.97314,,-39.97314,0
636,328.9445,,-48.9445,0
637,337.4127,,-57.4127,0
638,330.3682,,-50.3682,0
639,326.51437,,-46.51437,0
640,361.03577,,-81.03577,0
641,330.73495,,-50.73495,0
642,332.25784,,-52.25784,5.69385
643,314.30615,,-34.30615,3.843
644,316.157,,-36.157,0
645,328.92935,,-48.92935,0.61646
646,319.38354,,-39.38354,32.07092
647,287.92908,,-7.92908,9.07767
648,310.92233,,-30.92233,0
649,337.1812,,-57.1812,0
650,327.59195,,-47.59195,0
651,330.9024,,-50.9024,0
652,328.45322,,-48.45322,0
653,348.38297,,-68.38297,0
654,335.16095,,-55.16095,0
655,320.52673,,-40.52673,0
656,323.545,,-43.545,3.1343
657,316.8657,,-36.8657,3.3524
658,316.6476,,-36.6476,0
659,340.49603,,-60.49603,0
660,325.06198,,-45.06198,2.32828
661,317.67172,,-37.67172,0
662,326.9048,,-46.9048,0
663,326.2232,,-46.2232,0
664,328.9861,,-48.9861,0
665,330.63724,,-50.63724,0
666,327.83997,,-47.83997,0
667,333.86792,,-53.86792,0
668,328.24142,,-48.24142,0
669,323.73807,,-43.73807,0
670,328.46674,,-48.46674,0
671,322.45523,,-42.45523,0
672,326.03217,,-46.03217,0
673,321.91302,,-41.91302,0
674,336.11603,,-56.11603,0
675,329.81705,,-49.81705,0
676,335.2986,,-55.2986,0
677,324.51053,,-44.51053,0
678,320.52576,,-40.52576,0
679,327.92734,,-47.92734,0
680,331.7191,,-51.7191,0
681,330.5424,,-50.5424,0.2905
682,319.7095,,-39.7095,13.40805
683,306.59195,,-26.59195,0
684,326.9306,,-46.9306,0
685,329.68808,,-49.68808,0
686,337.07034,,-57.07034,0
687,328.66718,,-48.66718,0
688,323.00092,,-43.00092,0.3295
689,319.6705,,-39.6705,0
690,328.42807,,-48.42807,0.45105
691,319.54895,,-39.54895,0
692,330.97153,,-50.97153,0
693,322.10736,,-42.10736,8.92114
694,311.07886,,-31.07886,6.0578
695,313.9422,,-33.9422,0
696,325.40875,,-45.40875,0.78476
697,319.21524,,-39.21524,0
698,335.09064,,-55.09064,0
699,331.75433,,-51.75433,0
700,327.82327,,-47.82327,0
701,334.2818,,-54.2818,0
702,325.2678,,-45.2678,3.53336
703,316.46664,,-36.46664,0
704,350.59946,,-70.59946,0.7457
705,319.2543,,-39.2543,0
706,324.05273,,-44.05273,0
707,328.05026,,-48.05026,0
708,325.75677,,-45.75677,0
709,329.05896,,-49.05896,0
710,327.18225,,-47.18225,0
711,323.19595,,-43.19595,0
712,324.7293,,-44.7293,0
713,325.09525,,-45.09525,0
714,333.90958,,-53.90958,0
715,335.6745,,-55.6745,0
716,320.90588,,-40.90588,0
717,329.00745,,-49.00745,0
718,330.2653,,-50.2653,0
719,331.64328,,-51.64328,0
720,337.77136,,-57.77136,0
721,334.4422,,-54.4422,0.0635
722,319.9365,,-39.9365,0
723,323.6195,,-43.6195,0
724,325.19308,,-45.19308,10.7112
725,309.2888,,-29.2888,0
726,325.95773,,-45.95773,0
727,322.90723,,-42.90723,0
728,322.83923,,-42.83923,0
729,330.0412,,-50.0412,0
730,344.81842,,-64.81842,0
731,329.96585,,-49.96585,2.33923
732,317.66077,,-37.66077,0
733,336.5213,,-56.5213,0
734,332.93097,,-52.93097,0
735,335.9217,,-55.9217,0
736,324.89142,,-44.89142,0
737,326.10098,,-46.10098,0
738,335.02692,,-55.02692,0
739,330.03143,,-50.03143,0
740,324.32556,,-44.32556,0
741,330.55972,,-50.55972,0
742,324.23288,,-44.23288,0
743,332.1395,,-52.1395,0
744,325.9419,,-45.9419,0
745,338.55075,,-58.55075,0
746,332.72192,,-52.72192,0
747,325.8509,,-45.8509,0
748,331.81885,,-51.81885,0
749,324.21832,,-44.21832,11.71503
750,308.28497,,-28.28497,0
751,336.29495,,-56.29495,1.48474
752,318.51526,,-38.51526,0
753,331.32953,,-51.32953,0
754,330.14124,,-50.14124,0
755,322.5184,,-42.5184,0
756,327.29712,,-47.29712,0
757,334.2009,,-54.2009,0
758,323.4195,,-43.4195,0
759,331.9811,,-51.9811,0
760,328.19983,,-48.19983,3.78503
761,316.21497,,-36.21497,0
762,321.43875,,-41.43875,0
763,322.54935,,-42.54935,0
764,333.84167,,-53.84167,0
765,327.54047,,-47.54047,0
766,337.89685,,-57.89685,0
767,334.83987,,-54.83987,0
768,330.78732,,-50.78732,0
769,339.48257,,-59.48257,0
770,326.34256,,-46.34256,0
771,329.08774,,-49.08774,0
772,329.91528,,-49.91528,0
773,329.69803,,-49.69803,0
774,335.97076,,-55.97076,2.22165
775,317.77835,,-37.77835,0
776,322.1452,,-42.1452,0
777,330.182,,-50.182,0
778,334.39822,,-54.39822,0
779,332.51733,,-52.51733,0
780,334.4856,,-54.4856,0
781,328.50888,,-48.50888,0
782,326.2127,,-46.2127,0
783,325.57822,,-45.57822,0
784,333.71967,,-53.71967,0
785,332.00076,,-52.00076,0
786,335.073,,-55.073,0
787,335.70535,,-55.70535,12.35104
788,307.64896,,-27.64896,3.81387
789,316.18613,,-36.18613,0
790,337.04996,,-57.04996,0
791,324.63394,,-44.63394,0
792,325.15527,,-45.15527,0
793,338.00955,,-58.00955,0
794,333.5196,,-53.5196,0
795,325.13983,,-45.13983,0
796,337.01065,,-57.01065,0
797,327.54996,,-47.54996,0
798,336.6062,,-56.6062,0
799,330.1249,,-50.1249,0
800,322.1103,,-42.1103,0
801,324.80722,,-44.80722,0
802,329.348,,-49.348,0
803,327.59357,,-47.59357,0
804,320.45535,,-40.45535,0
805,321.2847,,-41.2847,0
806,334.34903,,-54.34903,0
807,323.19495,,-43.19495,0
808,327.43616,,-47.43616,0
809,338.02396,,-58.02396,0
810,323.62488,,-43.62488,0
811,329.37286,,-49.37286,0.86072
812,319.13928,,-39.13928,0
813,325.5699,,-45.5699,0
814,327.87823,,-47.87823,0
815,335.432,,-55.432,0
816,330.62442,,-50.62442,0
817,329.48328,,-49.48328,0
818,340.44998,,-60.44998,0
819,325.70663,,-45.70663,0
820,333.33835,,-53.33835,0
821,339.38266,,-59.38266,0
822,347.23703,,-67.23703,2.72797
823,317.27203,,-37.27203,0
824,328.87723,,-48.87723,0
825,330.30597,,-50.30597,0
826,328.9036,,-48.9036,0.1152
827,319.8848,,-39.8848,0
828,322.0842,,-42.0842,0
829,330.33163,,-50.33163,0
830,321.6268,,-41.6268,0
831,334.62317,,-54.62317,0
832,340.69153,,-60.69153,6.06113
833,313.93887,,-33.93887,6.50848
834,313.49152,,-33.49152,0
835,339.67407,,-59.67407,0
836,327.77182,,-47.77182,0
837,322.98892,,-42.98892,0
838,332.95786,,-52.95786,0
839,335.61615,,-55.61615,0
840,325.31305,,-45.31305,0
841,329.28128,,-49.28128,0
842,324.07703,,-44.07703,0
843,339.52692,,-59.52692,0
844,337.00684,,-57.00684,0
845,331.8704,,-51.8704,3.16702
846,316.83298,,-36.83298,0
847,327.37573,,-47.37573,0
848,339.1563,,-59.1563,0
849,325.47897,,-45.47897,0
850,329.2305,,-49.2305,0
851,331.6649,,-51.6649,0
852,329.2538,,-49.2538,0
853,330.0447,,-50.0447,0
854,336.6721,,-56.6721,0
855,329.34198,,-49.34198,0
856,331.58112,,-51.58112,1.40265
857,318.59735,,-38.59735,0
858,323.79092,,-43.79092,0
859,332.42133,,-52.42133,0
860,332.7649,,-52.7649,0
861,331.47357,,-51.47357,0
862,345.58093,,-65.58093,0
863,334.5299,,-54.5299,10.36322
864,309.63678,,-29.63678,2.32263
865,317.67737,,-37.67737,0
866,333.78372,,-53.78372,0
867,322.26657,,-42.26657,9.04776
868,310.95224,,-30.95224,0
869,326.83444,,-46.83444,0
870,326.92734,,-46.92734,0
871,326.15985,,-46.15985,0
872,321.61392,,-41.61392,0
873,357.6892,,-77.6892,0
874,335.00302,,-55.00302,0
875,323.78497,,-43.78497,0
876,327.13998,,-47.13998,0
877,327.96567,,-47.96567,0
878,327.22784,,-47.22784,0
879,321.916,,-41.916,0
880,322.08875,,-42.08875,1.80505
881,318.19495,,-38.19495,0
882,329.93213,,-49.93213,2.98065
883,317.01935,,-37.01935,0
884,328.75653,,-48.75653,0
885,320.67938,,-40.67938,7.0483
886,312.9517,,-32.9517,4.48285
887,315.51715,,-35.51715,0
888,324.05585,,-44.05585,3.90262
889,316.09738,,-36.09738,0
890,324.62833,,-44.62833,0
891,322.03046,,-42.03046,0
892,334.3445,,-54.3445,0
893,326.46423,,-46.46423,0
894,326.29602,,-46.29602,0
895,327.1965,,-47.1965,0
896,325.55716,,-45.55716,0
897,334.643,,-54.643,0
898,324.19394,,-44.19394,0
899,325.30615,,-45.30615,0
900,329.1144,,-49.1144,0
901,325.57764,,-45.57764,0
902,328.75757,,-48.75757,6.06412
903,313.93588,,-33.93588,0
904,336.87167,,-56.87167,0
905,331.4819,,-51.4819,0
906,325.99716,,-45.99716,0
907,334.31027,,-54.31027,0
908,329.07465,,-49.07465,0
909,329.8312,,-49.8312,0
910,325.47458,,-45.47458,0
911,327.16202,,-47.16202,0
912,328.0159,,-48.0159,0
913,327.58215,,-47.58215,0
914,329.4185,,-49.4185,6.56424
915,313.43576,,-33.43576,0
916,320.2185,,-40.2185,0
917,321.7785,,-41.7785,3.54474
918,316.45526,,-36.45526,0
919,332.23657,,-52.23657,0
920,326.0687,,-46.0687,0
921,328.47473,,-48.47473,0
922,322.36362,,-42.36362,4.0744
923,315.9256,,-35.9256,0
924,331.75702,,-51.75702,0
925,325.04214,,-45.04214,2.35443
926,317.64557,,-37.64557,0
927,321.64755,,-41.64755,0
928,323.3977,,-43.3977,0
929,328.2925,,-48.2925,0
930,335.67303,,-55.67303,0
931,324.74103,,-44.74103,0
932,328.85135,,-48.85135,0
933,330.8031,,-50.8031,0
934,328.49417,,-48.49417,0
935,329.25476,,-49.25476,0
936,325.9482,,-45.9482,0
937,336.50067,,-56.50067,0
938,324.7317,,-44.7317,0
939,325.36435,,-45.36435,0
940,335.07242,,-55.07242,0
941,337.10617,,-57.10617,0
942,329.91324,,-49.91324,0
943,330.51093,,-50.51093,0
944,334.55453,,-54.55453,0
945,330.6262,,-50.6262,0
946,322.66928,,-42.66928,0
947,331.8892,,-51.8892,0
948,327.31787,,-47.31787,0
949,333.06317,,-53.06317,0
950,333.36786,,-53.36786,1.08316
951,318.91684,,-38.91684,0
952,330.1688,,-50.1688,0.43295
953,319.56705,,-39.56705,0.96494
954,319.03506,,-39.03506,0
955,325.30728,,-45.30728,6.8187
956,313.1813,,-33.1813,0
957,324.28018,,-44.28018,0
958,332.85995,,-52.85995,0
959,332.52142,,-52.52142,0
960,322.10913,,-42.10913,4.38382
961,315.61618,,-35.61618,0
962,333.09402,,-53.09402,0
963,331.81628,,-51.81628,0
964,326.09555,,-46.09555,0
965,329.98206,,-49.98206,0
966,337.08887,,-57.08887,0
967,330.18985,,-50.18985,0
968,323.96768,,-43.96768,0
969,331.43616,,-51.43616,0
970,331.40994,,-51.40994,0
971,345.95963,,-65.95963,0
972,331.0873,,-51.0873,0
973,326.4559,,-46.4559,0
974,336.12897,,-56.12897,0
975,328.89456,,-48.89456,0
976,321.2546,,-41.2546,0
977,334.73587,,-54.73587,0
978,329.1364,,-49.1364,0
979,331.728,,-51.728,0
980,338.00995,,-58.00995,0
981,344.5293,,-64.5293,0
982,332.02695,,-52.02695,0
983,326.3055,,-46.3055,0
984,323.1321,,-43.1321,0
985,327.1574,,-47.1574,6.3014
986,313.6986,,-33.6986,0
987,330.73395,,-50.73395,0
988,329.45572,,-49.45572,0
989,324.77487,,-44.77487,0
990,337.62335,,-57.62335,0
991,327.08765,,-47.08765,0
992,329.86682,,-49.86682,0
993,327.1107,,-47.1107,0
994,324.00375,,-44.00375,0
995,322.27405,,-42.27405,0
996,331.88556,,-51.88556,0
997,333.70013,,-53.70013,0
998,335.72394,,-55.72394,0
999,322.72333,,-42.72333,0
1000,337.9835,,-57.9835,0
1001,324.63632,,-44.63632,0
1002,328.92502,,-48.92502,0
1003,331.01773,,-51.01773,0
1004,330.1143,,-50.1143,0
1005,326.08646,,-46.08646,0
1006,329.39966,,-49.39966,0
1007,326.13727,,-46.13727,0
1008,329.6655,,-49.6655,0
1009,346.77777,,-66.77777,0
1010,329.05496,,-49.05496,0
1011,328.69833,,-48.69833,0
1012,332.18915,,-52.18915,0
1013,324.27362,,-44.27362,0
1014,332.17313,,-52.17313,0
1015,327.85052,,-47.85052,0
1016,327.96625,,-47.96625,0
1017,345.735,,-65.735,0
1018,321.30847,,-41.30847,0
1019,329.88617,,-49.88617,0
1020,328.34775,,-48.34775,0
1021,336.9293,,-56.9293,0
1022,321.21786,,-41.21786,0
1023,331.47946,,-51.47946,0
1024,332.43698,,-52.43698,0
1025,333.51672,,-53.51672,0
1026,322.91776,,-42.91776,0
1027,331.07007,,-51.07007,0
1028,323.4872,,-43.4872,0
1029,325.9649,,-45.9649,0
1030,326.74118,,-46.74118,0
1031,327.1411,,-47.1411,0
1032,333.67825,,-53.67825,0
1033,329.11374,,-49.11374,0
1034,322.4145,,-42.4145,0.31094
1035,319.68906,,-39.68906,0
1036,328.2265,,-48.2265,0
1037,323.50742,,-43.50742,0
1038,323.0845,,-43.0845,2.0051
1039,317.9949,,-37.9949,0
1040,334.08417,,-54.08417,0
1041,324.60834,,-44.60834,0
1042,323.13876,,-43.13876,0
1043,327.03812,,-47.03812,0
1044,324.55045,,-44.55045,1.22003
1045,318.77997,,-38.77997,0
1046,366.33527,,-86.33527,0
1047,327.36337,,-47.36337,1.8551
1048,318.1449,,-38.1449,1.71707
1049,318.28293,,-38.28293,0
1050,338.18643,,-58.18643,0
1051,338.2248,,-58.2248,16.76947
1052,303.23053,,-23.23053,0
1053,320.31802,,-40.31802,0
1054,340.96854,,-60.96854,0
1055,324.93408,,-44.93408,0
1056,327.81686,,-47.81686,0
1057,332.79303,,-52.79303,0
1058,331.62308,,-51.62308,0
1059,320.22586,,-40.22586,0
1060,330.77106,,-50.77106,0
1061,324.875,,-44.875,0
1062,326.78885,,-46.78885,0
1063,321.7074,,-41.7074,0
1064,327.94122,,-47.94122,0
1065,336.5183,,-56.5183,0
1066,329.97394,,-49.97394,0
1067,320.13495,,-40.13495,0
1068,328.8944,,-48.8944,0
1069,322.71677,,-42.71677,0
1070,325.42487,,-45.42487,0
1071,330.8423,,-50.8423,0
1072,331.08524,,-51.08524,0
1073,328.51678,,-48.51678,0
1074,333.16196,,-53.16196,3.24762
1075,316.75238,,-36.75238,0
1076,324.88098,,-44.88098,3.8712
1077,316.1288,,-36.1288,0
1078,323.825,,-43.825,0
1079,339.11682,,-59.11682,0.93274
1080,319.06726,,-39.06726,0
1081,327.27832,,-47.27832,0
1082,340.59814,,-60.59814,0
1083,338.4615,,-58.4615,0
1084,335.99515,,-55.99515,0
1085,331.5728,,-51.5728,0
1086,333.78207,,-53.78207,0
1087,325.24026,,-45.24026,0
1088,322.13623,,-42.13623,0
1089,323.624,,-43.624,3.70496
1090,316.29504,,-36.29504,0
1091,323.9876,,-43.9876,0
1092,328.0801,,-48.0801,0
1093,322.93777,,-42.93777,0
1094,333.13458,,-53.13458,0
1095,326.49786,,-46.49786,0
1096,334.61353,,-54.61353,0
1097,329.125,,-49.125,0
1098,338.2277,,-58.2277,0
1099,325.46365,,-45.46365,0
1100,334.891,,-54.891,0
1101,338.16223,,-58.16223,0
1102,322.10568,,-42.10568,10.5963
1103,309.4037,,-29.4037,0
1104,325.90442,,-45.90442,7.30377
1105,312.69623,,-32.69623,0
1106,324.72656,,-44.72656,0
1107,333.857,,-53.857,0
1108,324.20718,,-44.20718,0
1109,330.396,,-50.396,0
1110,322.2096,,-42.2096,3.68536
1111,316.31464,,-36.31464,0
1112,324.3277,,-44.3277,0
1113,325.08908,,-45.08908,0
1114,332.21646,,-52.21646,0
1115,325.5351,,-45.5351,0
1116,330.89316,,-50.89316,0
1117,325.5852,,-45.5852,0
1118,324.1098,,-44.1098,0
1119,325.5624,,-45.5624,0
1120,325.78165,,-45.78165,0
1121,332.16226,,-52.16226,0
1122,324.52542,,-44.52542,0
1123,328.24295,,-48.24295,0
1124,324.88562,,-44.88562,0
1125,334.4751,,-54.4751,0
1126,323.27002,,-43.27002,0
1127,336.53934,,-56.53934,1.31766
1128,318.68234,,-38.68234,0
1129,331.8384,,-51.8384,0
1130,330.4283,,-50.4283,0
1131,327.40952,,-47.40952,0
1132,324.7506,,-44.7506,0
1133,332.82874,,-52.82874,0
1134,340.20407,,-60.20407,2.7846
1135,317.2154,,-37.2154,0
1136,329.0117,,-49.0117,0
1137,329.19672,,-49.19672,0
1138,332.45755,,-52.45755,0
1139,329.77783,,-49.77783,0
1140,328.99896,,-48.99896,0
1141,333.53998,,-53.53998,0
1142,331.33438,,-51.33438,0
1143,322.32138,,-42.32138,0
1144,326.71423,,-46.71423,3.37302
1145,316.62698,,-36.62698,0
1146,327.15115,,-47.15115,0
1147,325.66324,,-45.66324,0
1148,322.97437,,-42.97437,0
1149,330.2066,,-50.2066,0
1150,320.65714,,-40.65714,0
1151,332.48615,,-52.48615,0
1152,327.59406,,-47.59406,0
1153,329.20554,,-49.20554,0
1154,326.46912,,-46.46912,0
1155,321.7435,,-41.7435,1.90363
1156,318.09637,,-38.09637,0
1157,327.34338,,-47.34338,0
1158,328.66495,,-48.66495,0
1159,329.50162,,-49.50162,0
1160,326.45926,,-46.45926,0
1161,321.0897,,-41.0897,0
1162,329.23026,,-49.23026,0
1163,332.6237,,-52.6237,0
1164,330.49152,,-50.49152,0
1165,320.46152,,-40.46152,0
1166,337.05975,,-57.05975,0
1167,324.93506,,-44.93506,0
1168,329.1933,,-49.1933,0
1169,332.49857,,-52.49857,0
1170,325.40897,,-45.40897,0
1171,328.39758,,-48.39758,0
1172,336.22034,,-56.22034,0
1173,325.0594,,-45.0594,0
1174,329.52435,,-49.52435,0
1175,331.46814,,-51.46814,0
1176,331.49365,,-51.49365,0
1177,335.17648,,-55.17648,0
1178,331.73758,,-51.73758,0
1179,333.89746,,-53.89746,0
1180,329.88135,,-49.88135,0
1181,323.18954,,-43.18954,0
1182,321.04773,,-41.04773,0
1183,326.60025,,-46.60025,0
1184,323.17252,,-43.17252,0
1185,323.1187,,-43.1187,0
1186,331.6838,,-51.6838,0
1187,330.0334,,-50.0334,0
1188,324.3211,,-44.3211,0
1189,322.85468,,-42.85468,0
1190,330.80844,,-50.80844,0
1191,332.66202,,-52.66202,0
1192,334.54504,,-54.54504,0
1193,330.8719,,-50.8719,0
1194,328.41452,,-48.41452,0
1195,324.54382,,-44.54382,0
1196,330.73517,,-50.73517,10.34705
1197,309.65295,,-29.65295,0
1198,338.22928,,-58.22928,0
1199,327.62436,,-47.62436,0
1200,326.6017,,-46.6017,0
1201,332.316,,-52.316,0
1202,333.66754,,-53.66754,3.573
1203,316.427,,-36.427,0
1204,324.5696,,-44.5696,0
1205,328.3464,,-48.3464,0
1206,320.19675,,-40.19675,0
1207,329.61185,,-49.61185,0
1208,326.73056,,-46.73056,0
1209,326.79233,,-46.79233,0
1210,329.23056,,-49.23056,0
1211,330.52426,,-50.52426,0
1212,326.79993,,-46.79993,0
1213,321.6871,,-41.6871,0
1214,331.73996,,-51.73996,0
1215,330.62015,,-50.62015,0
1216,331.66394,,-51.66394,0
1217,325.88538,,-45.88538,6.24088
1218,313.75912,,-33.75912,9.02444
1219,310.97556,,-30.97556,0
1220,329.46683,,-49.46683,0
1221,321.41745,,-41.41745,0
1222,339.34735,,-59.34735,0
1223,337.69464,,-57.69464,0
1224,328.44742,,-48.44742,0
1225,322.72107,,-42.72107,0
1226,335.27972,,-55.27972,0
1227,332.81842,,-52.81842,0
1228,333.06384,,-53.06384,0
1229,326.47293,,-46.47293,0
1230,329.8741,,-49.8741,2.09732
1231,317.90268,,-37.90268,0
1232,322.254,,-42.254,0
1233,338.56888,,-58.56888,8.0718
1234,311.9282,,-31.9282,0
1235,321.58408,,-41.58408,1.04672
1236,318.95328,,-38.95328,3.87894
1237,316.12106,,-36.12106,0
1238,325.3174,,-45.3174,0
1239,329.3041,,-49.3041,0
1240,324.53415,,-44.53415,0
1241,326.31464,,-46.31464,0
1242,332.58316,,-52.58316,2.89453
1243,317.10547,,-37.10547,0
1244,328.83417,,-48.83417,0
1245,331.93393,,-51.93393,0.0955
1246,319.9045,,-39.9045,0
1247,326.0483,,-46.0483,0
1248,330.1217,,-50.1217,0
1249,336.3242,,-56.3242,0
1250,325.62277,,-45.62277,0
1251,330.02057,,-50.02057,0
1252,325.14136,,-45.14136,0
1253,329.71317,,-49.71317,0
1254,333.16776,,-53.16776,0
1255,338.4659,,-58.4659,0
1256,324.5184,,-44.5184,0
1257,332.67813,,-52.67813,0
1258,332.87628,,-52.87628,1.85632
1259,318.14368,,-38.14368,0
1260,328.67825,,-48.67825,0
1261,335.02444,,-55.02444,0
1262,330.994,,-50.994,0
1263,325.02432,,-45.02432,0
1264,331.47498,,-51.47498,0
1265,331.0649,,-51.0649,0
1266,337.79575,,-57.79575,0
1267,334.05347,,-54.05347,0
1268,333.18683,,-53.18683,0
1269,330.23526,,-50.23526,0
1270,328.98828,,-48.98828,0
1271,337.83398,,-57.83398,0
1272,335.19894,,-55.19894,0
1273,332.39532,,-52.39532,0
1274,321.98105,,-41.98105,0
1275,323.9521,,-43.9521,0
1276,326.98575,,-46.98575,0
1277,326.3224,,-46.3224,0
1278,338.28586,,-58.28586,0
1279,328.72504,,-48.72504,0
1280,332.41745,,-52.41745,0
1281,321.18314,,-41.18314,0
1282,339.3491,,-59.3491,0
1283,331.2639,,-51.2639,0
1284,325.56186,,-45.56186,0
1285,333.04126,,-53.04126,0
1286,332.4286,,-52.4286,0
1287,342.2672,,-62.2672,0
1288,328.9256,,-48.9256,0
1289,321.59348,,-41.59348,0.47067
1290,319.52933,,-39.52933,0
1291,321.83508,,-41.83508,0
1292,324.8223,,-44.8223,0
1293,322.4768,,-42.4768,0
1294,322.07843,,-42.07843,3.1267
1295,316.8733,,-36.8733,0
1296,329.5435,,-49.5435,0
1297,336.38913,,-56.38913,0
1298,330.3301,,-50.3301,0
1299,328.78976,,-48.78976,0
1300,321.5239,,-41.5239,0
1301,325.56323,,-45.56323,0
1302,330.21396,,-50.21396,0
1303,326.08267,,-46.08267,0
1304,337.38312,,-57.38312,0
1305,323.86884,,-43.86884,0
1306,334.96698,,-54.96698,0
1307,324.25333,,-44.25333,0
1308,342.78574,,-62.78574,0
1309,331.86472,,-51.86472,0
1310,334.58087,,-54.58087,0
1311,329.11777,,-49.11777,0
1312,334.55307,,-54.55307,0
1313,325.99066,,-45.99066,3.41318
1314,316.58682,,-36.58682,0
1315,321.44464,,-41.44464,4.01443
1316,315.98557,,-35.98557,0
1317,324.48248,,-44.48248,0
1318,320.06326,,-40.06326,0
1319,324.17813,,-44.17813,0
1320,327.85696,,-47.85696,0
1321,320.4146,,-40.4146,0
1322,328.83643,,-48.83643,0
1323,329.52536,,-49.52536,0
1324,320.14066,,-40.14066,0.6709
1325,319.3291,,-39.3291,0
1326,323.79956,,-43.79956,0
1327,333.27,,-53.27,0
1328,327.44775,,-47.44775,0
1329,321.1551,,-41.1551,4.6901
1330,315.3099,,-35.3099,0
1331,327.81418,,-47.81418,0
1332,324.39014,,-44.39014,0
1333,334.12924,,-54.12924,0
1334,322.28152,,-42.28152,0
1335,329.13126,,-49.13126,0
1336,338.0069,,-58.0069,0
1337,337.297,,-57.297,0
1338,331.5394,,-51.5394,0
1339,324.6999,,-44.6999,0
1340,334.1722,,-54.1722,0
1341,329.96658,,-49.96658,0
1342,333.33478,,-53.33478,0
1343,324.96573,,-44.96573,0
1344,330.69305,,-50.69305,0
1345,330.6271,,-50.6271,0
1346,332.08356,,-52.08356,0
1347,334.62744,,-54.62744,0
1348,347.98508,,-67.98508,0.11664
1349,319.88336,,-39.88336,0
1350,327.33728,,-47.33728,0
1351,325.97696,,-45.97696,0
1352,333.20447,,-53.20447,0
1353,329.57486,,-49.57486,0
1354,339.03296,,-59.03296,0
1355,323.55862,,-43.55862,0
1356,321.62442,,-41.62442,0
1357,332.29645,,-52.29645,0
1358,327.99194,,-47.99194,0
1359,330.53848,,-50.53848,0
1360,333.27966,,-53.27966,0
1361,333.26227,,-53.26227,0
1362,333.92267,,-53.92267,0
1363,330.6659,,-50.6659,4.89117
1364,315.10883,,-35.10883,0
1365,340.66788,,-60.66788,8.03058
1366,311.96942,,-31.96942,0
1367,323.47095,,-43.47095,0
1368,330.38092,,-50.38092,0
1369,325.90976,,-45.90976,0
1370,331.40085,,-51.40085,4.64926
1371,315.35074,,-35.35074,0
1372,329.14957,,-49.14957,0
1373,330.49182,,-50.49182,0
1374,321.74472,,-41.74472,0
1375,328.54636,,-48.54636,0
1376,322.9351,,-42.9351,0
1377,325.22748,,-45.22748,0
1378,331.70468,,-51.70468,0
1379,320.98273,,-40.98273,0
1380,322.33997,,-42.33997,0
1381,332.1247,,-52.1247,0
1382,329.00964,,-49.00964,0
1383,323.59726,,-43.59726,0
1384,326.33423,,-46.33423,0.69745
1385,319.30255,,-39.30255,0
1386,321.4368,,-41.4368,0
1387,334.2996,,-54.2996,0
1388,328.32407,,-48.32407,0
1389,331.06644,,-51.06644,0
1390,334.7912,,-54.7912,1.28357
1391,318.71643,,-38.71643,0
1392,320.14056,,-40.14056,0
1393,324.432,,-44.432,0
1394,328.3564,,-48.3564,0
1395,338.04584,,-58.04584,0
1396,333.40305,,-53.40305,0
1397,325.52264,,-45.52264,0
1398,334.65063,,-54.65063,0
1399,323.01266,,-43.01266,0
1400,329.84988,,-49.84988,0
1401,338.76395,,-58.76395,0
1402,327.56915,,-47.56915,0
1403,325.31033,,-45.31033,0
1404,325.65695,,-45.65695,0
1405,323.6422,,-43.6422,0
1406,327.79486,,-47.79486,2.90286
1407,317.09714,,-37.09714,0
1408,329.55725,,-49.55725,0.99625
1409,319.00375,,-39.00375,0
1410,324.95975,,-44.95975,0
1411,330.62997,,-50.62997,0
1412,329.04074,,-49.04074,0
1413,331.24542,,-51.24542,0
1414,333.32996,,-53.32996,0.47403
1415,319.52597,,-39.52597,0
1416,324.12817,,-44.12817,0
1417,329.6803,,-49.6803,0.36197
1418,319.63803,,-39.63803,0
1419,323.0119,,-43.0119,0
1420,333.01306,,-53.01306,0
1421,325.43707,,-45.43707,0
1422,330.68115,,-50.68115,0
1423,323.7245,,-43.7245,0
1424,326.46198,,-46.46198,0
1425,332.04764,,-52.04764,0
1426,339.56958,,-59.56958,0
1427,331.91394,,-51.91394,0
1428,327.23053,,-47.23053,0
1429,337.86914,,-57.86914,0
1430,323.3176,,-43.3176,0
1431,328.46655,,-48.46655,0
1432,337.29974,,-57.29974,0
1433,324.85376,,-44.85376,0
1434,326.9679,,-46.9679,0
1435,328.73282,,-48.73282,0
1436,349.01523,,-69.01523,0
1437,324.3196,,-44.3196,0
1438,332.37155,,-52.37155,0
1439,326.97662,,-46.97662,0
1440,336.7894,,-56.7894,0
1441,333.03824,,-53.03824,0
1442,339.5321,,-59.5321,0
1443,322.27197,,-42.27197,0
1444,321.4602,,-41.4602,2.46207
1445,317.53793,,-37.53793,0
1446,327.1118,,-47.1118,0
1447,326.1898,,-46.1898,0
1448,322.30716,,-42.30716,0
1449,321.22467,,-41.22467,0
1450,326.91266,,-46.91266,0
1451,349.1889,,-69.1889,0
1452,324.89484,,-44.89484,0
1453,327.72562,,-47.72562,0
1454,328.73462,,-48.73462,0
1455,323.4302,,-43.4302,0
1456,336.2539,,-56.2539,0
1457,322.09744,,-42.09744,0
1458,332.41122,,-52.41122,5.20676
1459,314.79324,,-34.79324,0
1460,334.81894,,-54.81894,0
1461,325.66544,,-45.66544,0
1462,330.3259,,-50.3259,0
1463,333.82974,,-53.82974,0
1464,332.29266,,-52.29266,2.6639
1465,317.3361,,-37.3361,0
1466,333.23328,,-53.23328,0
1467,331.71005,,-51.71005,0
1468,330.73795,,-50.73795,0
1469,333.011,,-53.011,0
1470,320.45508,,-40.45508,0
1471,331.40283,,-51.40283,0
1472,325.06433,,-45.06433,0
1473,322.6228,,-42.6228,0
1474,320.6572,,-40.6572,7.8552
1475,312.1448,,-32.1448,0.52493
1476,319.47507,,-39.47507,0
1477,323.76044,,-43.76044,0
1478,322.07123,,-42.07123,0
1479,326.10968,,-46.10968,0
1480,333.01596,,-53.01596,0
1481,329.1681,,-49.1681,1.6062
1482,318.3938,,-38.3938,0
1483,341.69604,,-61.69604,0
1484,346.05936,,-66.05936,0
1485,338.73117,,-58.73117,0
1486,328.64178,,-48.64178,0
1487,326.5813,,-46.5813,3.91867
1488,316.08133,,-36.08133,0
1489,332.454,,-52.454,0
1490,331.02097,,-51.02097,0
1491,332.5888,,-52.5888,0
1492,339.57727,,-59.57727,0
1493,322.7272,,-42.7272,0
1494,320.93658,,-40.93658,0.30267
1495,319.69733,,-39.69733,0
1496,333.60852,,-53.60852,0
1497,334.84113,,-54.84113,0
1498,334.6383,,-54.6383,0
1499,325.30756,,-45.30756,0
1500,336.23596,,-56.23596,0
1501,329.4607,,-49.4607,0
1502,322.59366,,-42.59366,0
1503,322.8759,,-42.8759,0
1504,328.46362,,-48.46362,0
1505,324.32623,,-44.32623,0
1506,325.21988,,-45.21988,0
1507,337.25717,,-57.25717,0
1508,335.7933,,-55.7933,0
1509,332.1277,,-52.1277,0
1510,332.57556,,-52.57556,0
1511,325.46497,,-45.46497,0
1512,330.10098,,-50.10098,0
1513,332.56992,,-52.56992,0
1514,341.2833,,-61.2833,0
1515,334.08054,,-54.08054,0
1516,329.28577,,-49.28577,0
1517,321.45438,,-41.45438,0
1518,328.32742,,-48.32742,12.76443
1519,307.23557,,-27.23557,1.63748
1520,318.36252,,-38.36252,0.10654
1521,319.89346,,-39.89346,0
1522,327.92938,,-47.92938,0
1523,328.4411,,-48.4411,0
1524,327.2192,,-47.2192,0
1525,325.21613,,-45.21613,0
1526,321.82098,,-41.82098,0
1527,339.65912,,-59.65912,0
1528,329.61548,,-49.61548,0
1529,332.14496,,-52.14496,2.24338
1530,317.75662,,-37.75662,0
1531,333.6183,,-53.6183,0
1532,336.3434,,-56.3434,0
1533,332.171,,-52.171,0
1534,330.32916,,-50.32916,0
1535,334.81473,,-54.81473,0
1536,321.61716,,-41.61716,0
1537,331.76678,,-51.76678,0
1538,326.40732,,-46.40732,0
1539,329.29535,,-49.29535,4.34326
1540,315.65674,,-35.65674,0
1541,339.1479,,-59.1479,0
1542,324.34283,,-44.34283,0
1543,338.4922,,-58.4922,0
1544,322.50146,,-42.50146,0
1545,330.13855,,-50.13855,0
1546,328.75546,,-48.75546,0
1547,320.77722,,-40.77722,0
1548,336.40643,,-56.40643,0
1549,326.9417,,-46.9417,0
1550,326.11963,,-46.11963,0
1551,330.3625,,-50.3625,0
1552,326.95795,,-46.95795,4.17667
1553,315.82333,,-35.82333,0
1554,343.0421,,-63.0421,0
1555,325.77493,,-45.77493,0
1556,326.56927,,-46.56927,0
1557,325.98724,,-45.98724,0
1558,323.63086,,-43.63086,0
1559,338.11356,,-58.11356,0
1560,331.15857,,-51.15857,0
1561,337.55798,,-57.55798,4.47076
1562,315.52924,,-35.52924,0
1563,323.50626,,-43.50626,0
1564,326.30054,,-46.30054,0
1565,343.97305,,-63.97305,0
1566,328.9367,,-48.9367,0
1567,321.62292,,-41.62292,0
1568,332.6382,,-52.6382,0
1569,326.92606,,-46.92606,0
1570,322.2031,,-42.2031,0
1571,331.47006,,-51.47006,0
1572,321.61072,,-41.61072,0
1573,322.18777,,-42.18777,0
1574,336.61008,,-56.61008,0
1575,325.01367,,-45.01367,0
1576,329.93155,,-49.93155,0
1577,334.32092,,-54.32092,0
1578,329.81985,,-49.81985,0
1579,320.3595,,-40.3595,0
1580,322.70258,,-42.70258,0
1581,325.74796,,-45.74796,1.33145
1582,318.66855,,-38.66855,0
1583,324.42786,,-44.42786,0
1584,324.3921,,-44.3921,0
1585,327.34546,,-47.34546,4.64227
1586,315.35773,,-35.35773,0
1587,338.28244,,-58.28244,0
1588,334.79755,,-54.79755,0
1589,328.25446,,-48.25446,0
1590,326.10226,,-46.10226,0.74857
1591,319.25143,,-39.25143,0
1592,333.35098,,-53.35098,0
1593,330.9306,,-50.9306,0
1594,342.33542,,-62.33542,0
1595,331.48303,,-51.48303,0
1596,328.9289,,-48.9289,0
1597,329.7839,,-49.7839,0
1598,331.33444,,-51.33444,0
1599,330.49817,,-50.49817,0
1600,321.43484,,-41.43484,0
1601,323.97574,,-43.97574,0.0033
1602,319.9967,,-39.9967,0
1603,345.8513,,-65.8513,0
1604,329.0425,,-49.0425,0
1605,323.21036,,-43.21036,0
1606,322.3563,,-42.3563,0
1607,325.26846,,-45.26846,0
1608,320.72052,,-40.72052,0
1609,338.44022,,-58.44022,0
1610,333.98315,,-53.98315,0
1611,327.44843,,-47.44843,3.16705
1612,316.83295,,-36.83295,0
1613,339.94455,,-59.94455,0
1614,327.5839,,-47.5839,0
1615,331.70712,,-51.70712,0
1616,321.4477,,-41.4477,0
1617,333.63513,,-53.63513,0
1618,321.28613,,-41.28613,0
1619,330.099,,-50.099,0
1620,333.4473,,-53.4473,0
1621,328.85922,,-48.85922,0
1622,326.66135,,-46.66135,0
1623,329.59512,,-49.59512,0
1624,330.63187,,-50.63187,0
1625,330.28537,,-50.28537,0
1626,322.83072,,-42.83072,0
1627,322.15176,,-42.15176,0
1628,325.90823,,-45.90823,0
1629,332.233,,-52.233,0
1630,323.3353,,-43.3353,0
1631,328.33118,,-48.33118,0
1632,329.90717,,-49.90717,0
1633,344.58002,,-64.58002,0
1634,328.65048,,-48.65048,0
1635,326.14352,,-46.14352,0
1636,329.79602,,-49.79602,0
1637,334.08707,,-54.08707,0
1638,325.40576,,-45.40576,0
1639,333.3942,,-53.3942,0
1640,324.2222,,-44.2222,0
1641,333.20978,,-53.20978,2.44437
1642,317.55563,,-37.55563,0
1643,326.295,,-46.295,0
1644,334.1596,,-54.1596,0
1645,333.24506,,-53.24506,0
1646,321.02808,,-41.02808,0
1647,332.5122,,-52.5122,0
1648,327.49863,,-47.49863,0
1649,330.71698,,-50.71698,0
1650,326.44482,,-46.44482,0
1651,328.63486,,-48.63486,0
1652,325.04312,,-45.04312,0
1653,333.03647,,-53.03647,0
1654,329.97974,,-49.97974,0
1655,324.78925,,-44.78925,0
1656,329.61566,,-49.61566,0
1657,327.14545,,-47.14545,0
1658,327.73923,,-47.73923,0
1659,320.33618,,-40.33618,0
1660,332.648,,-52.648,0
1661,332.09198,,-52.09198,0
1662,332.49283,,-52.49283,0
1663,328.7054,,-48.7054,0
1664,329.02362,,-49.02362,0
1665,327.6162,,-47.6162,0
1666,327.7133,,-47.7133,0
1667,337.34174,,-57.34174,0
1668,340.66467,,-60.66467,0
1669,342.3488,,-62.3488,0
1670,333.4617,,-53.4617,0
1671,321.95892,,-41.95892,0
1672,329.06305,,-49.06305,0
1673,325.43625,,-45.43625,0
1674,334.16724,,-54.16724,0
1675,321.73734,,-41.73734,0
1676,345.99472,,-65.99472,0
1677,331.8031,,-51.8031,0
1678,324.3775,,-44.3775,0
1679,334.03592,,-54.03592,0
1680,328.2909,,-48.2909,0
1681,327.42657,,-47.42657,0
1682,322.9303,,-42.9303,0
1683,333.69482,,-53.69482,0
1684,325.17398,,-45.17398,2.66553
1685,317.33447,,-37.33447,1.01715
1686,318.98285,,-38.98285,0.0714
1687,319.9286,,-39.9286,4.28375
1688,315.71625,,-35.71625,0
1689,329.16782,,-49.16782,0
1690,320.81277,,-40.81277,1.70227
1691,318.29773,,-38.29773,0
1692,320.62262,,-40.62262,0
1693,332.23212,,-52.23212,0
1694,329.20245,,-49.20245,0
1695,323.40326,,-43.40326,0
1696,331.6482,,-51.6482,0
1697,328.74966,,-48.74966,0
1698,330.35928,,-50.35928,0
1699,328.51105,,-48.51105,0
1700,333.3844,,-53.3844,0
1701,326.23914,,-46.23914,0
1702,322.82373,,-42.82373,0
1703,327.1826,,-47.1826,0
1704,320.85147,,-40.85147,0
1705,341.86438,,-61.86438,0
1706,354.76328,,-74.76328,0
1707,331.9919,,-51.9919,0.40375
1708,319.59625,,-39.59625,0
1709,324.01123,,-44.01123,0
1710,322.7008,,-42.7008,0
1711,330.55,,-50.55,0
1712,349.85812,,-69.85812,0
1713,335.12762,,-55.12762,0
1714,338.76547,,-58.76547,0
1715,342.83994,,-62.83994,0
1716,329.8976,,-49.8976,0
1717,327.07465,,-47.07465,0
1718,329.58255,,-49.58255,0
1719,334.77,,-54.77,0
1720,342.09805,,-62.09805,0
1721,327.0449,,-47.0449,0
1722,329.5541,,-49.5541,0
1723,331.043,,-51.043,0
1724,330.0717,,-50.0717,0
1725,330.39316,,-50.39316,0
1726,333.3493,,-53.3493,0
1727,326.1633,,-46.1633,0
1728,349.92062,,-69.92062,0
1729,322.85962,,-42.85962,0
1730,334.17874,,-54.17874,0
1731,327.0274,,-47.0274,2.5762
1732,317.4238,,-37.4238,0
1733,326.2347,,-46.2347,0
1734,334.4797,,-54.4797,0
1735,331.9287,,-51.9287,0
1736,322.44153,,-42.44153,0
1737,331.53452,,-51.53452,0
1738,328.01706,,-48.01706,0
1739,338.09326,,-58.09326,0
1740,330.94788,,-50.94788,0
1741,323.70108,,-43.70108,0
1742,330.82214,,-50.82214,0
1743,329.44186,,-49.44186,0
1744,388.5996,,-108.5996,0
1745,346.2398,,-66.2398,3.89243
1746,316.10757,,-36.10757,0
1747,327.67102,,-47.67102,0
1748,327.35147,,-47.35147,0
1749,334.72086,,-54.72086,0
1750,321.20398,,-41.20398,0
1751,329.46606,,-49.46606,0
1752,330.44727,,-50.44727,0
1753,333.74454,,-53.74454,0
1754,325.2317,,-45.2317,0
1755,328.1434,,-48.1434,0
1756,328.5311,,-48.5311,0
1757,326.97983,,-46.97983,0
1758,329.08093,,-49.08093,0
1759,333.55707,,-53.55707,0
1760,322.63666,,-42.63666,0
1761,320.84094,,-40.84094,0
1762,344.47348,,-64.47348,0
1763,332.25568,,-52.25568,0
1764,359.3214,,-79.3214,0
1765,322.8359,,-42.8359,3.5798
1766,316.4202,,-36.4202,0
1767,328.6695,,-48.6695,0
1768,320.98804,,-40.98804,0.5368
1769,319.4632,,-39.4632,0
1770,325.19595,,-45.19595,0
1771,330.48206,,-50.48206,0
1772,325.34772,,-45.34772,0
1773,334.22635,,-54.22635,0
1774,327.6379,,-47.6379,0
1775,330.40292,,-50.40292,0
1776,322.97592,,-42.97592,0
1777,332.8173,,-52.8173,0
1778,336.78036,,-56.78036,0
1779,327.439,,-47.439,0
1780,326.92374,,-46.92374,0
1781,327.88547,,-47.88547,0
1782,330.371,,-50.371,0
1783,329.86523,,-49.86523,0
1784,337.66315,,-57.66315,0
1785,350.90616,,-70.90616,0
1786,324.10828,,-44.10828,0
1787,322.47037,,-42.47037,0
1788,321.39178,,-41.39178,0
1789,336.1679,,-56.1679,0
1790,343.22192,,-63.22192,0
1791,333.5348,,-53.5348,0
1792,324.7737,,-44.7737,0
1793,336.43317,,-56.43317,0
1794,335.0958,,-55.0958,0
1795,337.6429,,-57.6429,0
1796,323.3916,,-43.3916,0
1797,330.6721,,-50.6721,0
1798,326.7234,,-46.7234,0
1799,326.21817,,-46.21817,0
1800,324.45312,,-44.45312,0.1575
1801,319.8425,,-39.8425,0
1802,327.91397,,-47.91397,0
1803,331.6659,,-51.6659,0
1804,333.71774,,-53.71774,0
1805,336.94235,,-56.94235,0
1806,329.7188,,-49.7188,0
1807,324.4667,,-44.4667,0
1808,325.86902,,-45.86902,0
1809,327.56177,,-47.56177,0
1810,353.67792,,-73.67792,0
1811,341.71747,,-61.71747,0
1812,329.48727,,-49.48727,0
1813,338.24673,,-58.24673,10.50565
1814,309.49435,,-29.49435,6.70465
1815,313.29535,,-33.29535,0
1816,351.28226,,-71.28226,0
1817,333.46252,,-53.46252,0
1818,345.82297,,-65.82297,0
1819,335.3963,,-55.3963,0
1820,321.98816,,-41.98816,1.93576
1821,318.06424,,-38.06424,4.0992
1822,315.9008,,-35.9008,0
1823,320.4384,,-40.4384,0
1824,323.9002,,-43.9002,0
1825,332.317,,-52.317,0
1826,331.55685,,-51.55685,0
1827,327.78076,,-47.78076,0
1828,344.68866,,-64.68866,0
1829,327.10065,,-47.10065,0
1830,331.75818,,-51.75818,0
1831,347.62085,,-67.62085,2.05222
1832,317.94778,,-37.94778,0
1833,329.50803,,-49.50803,0
1834,324.0912,,-44.0912,0
1835,334.1051,,-54.1051,6.09262
1836,313.90738,,-33.90738,0
1837,334.2534,,-54.2534,3.46304
1838,316.53696,,-36.53696,7.55835
1839,312.44165,,-32.44165,0
1840,326.36285,,-46.36285,0
1841,336.9261,,-56.9261,0
1842,340.7422,,-60.7422,0
1843,335.09784,,-55.09784,0
1844,334.8176,,-54.8176,0
1845,331.0417,,-51.0417,0
1846,328.06485,,-48.06485,0
1847,330.59222,,-50.59222,0
1848,334.7995,,-54.7995,0
1849,321.25128,,-41.25128,0
1850,322.00378,,-42.00378,0
1851,333.4043,,-53.4043,0
1852,324.9864,,-44.9864,0
1853,324.66248,,-44.66248,0
1854,321.80118,,-41.80118,0
1855,329.53638,,-49.53638,1.75067
1856,318.24933,,-38.24933,0
1857,321.05405,,-41.05405,0
1858,336.58603,,-56.58603,0
1859,328.27118,,-48.27118,0
1860,324.08948,,-44.08948,0
1861,337.9166,,-57.9166,0
1862,324.34396,,-44.34396,0
1863,334.34824,,-54.34824,0
1864,330.9808,,-50.9808,0
1865,320.96344,,-40.96344,0
1866,329.16046,,-49.16046,0
1867,323.45792,,-43.45792,0
1868,328.73343,,-48.73343,0
1869,335.97302,,-55.97302,0
1870,324.3608,,-44.3608,0
1871,322.7329,,-42.7329,2.37918
1872,317.62082,,-37.62082,0
1873,333.94977,,-53.94977,0
1874,338.6112,,-58.6112,0.1568
1875,319.8432,,-39.8432,0
1876,342.1309,,-62.1309,0
1877,328.50525,,-48.50525,0
1878,329.477,,-49.477,0
1879,329.15402,,-49.15402,0
1880,345.47592,,-65.47592,0
1881,338.84518,,-58.84518,9.04507
1882,310.95493,,-30.95493,0
1883,329.77252,,-49.77252,0
1884,321.0266,,-41.0266,0
1885,333.74457,,-53.74457,0
1886,326.6167,,-46.6167,0
1887,322.0182,,-42.0182,0
1888,333.52008,,-53.52008,0
1889,340.7862,,-60.7862,2.42496
1890,317.57504,,-37.57504,2.58948
1891,317.41052,,-37.41052,0
1892,323.88565,,-43.88565,0
1893,329.8663,,-49.8663,0
1894,332.18414,,-52.18414,0
1895,332.44797,,-52.44797,0
1896,326.6513,,-46.6513,0
1897,328.53372,,-48.53372,0
1898,324.81805,,-44.81805,0
1899,328.2988,,-48.2988,0
1900,328.2619,,-48.2619,0
1901,328.3212,,-48.3212,3.34885
1902,316.65115,,-36.65115,0
1903,329.6999,,-49.6999,0
1904,326.75912,,-46.75912,0
1905,327.35822,,-47.35822,0
1906,328.5616,,-48.5616,0
1907,343.7238,,-63.7238,0
1908,333.86743,,-53.86743,0
1909,321.18393,,-41.18393,0
1910,337.46426,,-57.46426,0.29294
1911,319.70706,,-39.70706,0
1912,336.31506,,-56.31506,0
1913,334.27863,,-54.27863,0
1914,333.313,,-53.313,0
1915,337.18152,,-57.18152,0
1916,326.23883,,-46.23883,0
1917,321.91016,,-41.91016,0
1918,329.0977,,-49.0977,0
1919,328.11072,,-48.11072,0.60455
1920,319.39545,,-39.39545,0
1921,331.92224,,-51.92224,0
1922,325.28632,,-45.28632,0
1923,337.59442,,-57.59442,6.87527
1924,313.12473,,-33.12473,0
1925,329.43942,,-49.43942,0
1926,334.0345,,-54.0345,0
1927,328.5393,,-48.5393,3.6178
1928,316.3822,,-36.3822,0
1929,329.5277,,-49.5277,0
1930,333.37415,,-53.37415,0
1931,349.53262,,-69.53262,0
1932,339.21106,,-59.21106,0
1933,327.18298,,-47.18298,0
1934,334.20538,,-54.20538,0
1935,326.94717,,-46.94717,10.57462
1936,309.42538,,-29.42538,0
1937,325.2191,,-45.2191,3.37177
1938,316.62823,,-36.62823,0
1939,325.34937,,-45.34937,0
1940,333.3505,,-53.3505,0
1941,329.67838,,-49.67838,0
1942,327.3894,,-47.3894,0
1943,331.49655,,-51.49655,0.1975
1944,319.8025,,-39.8025,0
1945,325.61182,,-45.61182,0
1946,327.18228,,-47.18228,0
1947,330.3923,,-50.3923,0
1948,344.84174,,-64.84174,0
1949,321.68427,,-41.68427,0
1950,321.67087,,-41.67087,0
1951,321.80246,,-41.80246,0
1952,336.848,,-56.848,0
1953,328.35608,,-48.35608,0
1954,332.6579,,-52.6579,3.33102
1955,316.66898,,-36.66898,0
1956,342.03015,,-62.03015,5.48862
1957,314.51138,,-34.51138,0
1958,331.2018,,-51.2018,0
1959,332.12347,,-52.12347,2.6877
1960,317.3123,,-37.3123,0
1961,329.20337,,-49.20337,0
1962,327.16394,,-47.16394,0
1963,330.44006,,-50.44006,0
1964,333.20428,,-53.20428,0
1965,346.11456,,-66.11456,0
1966,329.16495,,-49.16495,0
1967,325.87677,,-45.87677,0
1968,324.14127,,-44.14127,0
1969,357.67136,,-77.67136,0
1970,322.7355,,-42.7355,0
1971,320.31036,,-40.31036,0
1972,325.9251,,-45.9251,0
1973,327.27444,,-47.27444,0
1974,323.23334,,-43.23334,0
1975,325.223,,-45.223,0
1976,332.78088,,-52.78088,0
1977,324.50388,,-44.50388,0
1978,333.06836,,-53.06836,0
1979,326.8027,,-46.8027,0
1980,331.11493,,-51.11493,0
1981,326.46402,,-46.46402,0
1982,327.88016,,-47.88016,11.97922
1983,308.02078,,-28.02078,30.07022
1984,289.92978,,-9.92978,0
1985,324.94455,,-44.94455,7.5493
1986,312.4507,,-32.4507,0
1987,325.63925,,-45.63925,13.6445
1988,306.3555,,-26.3555,9.57397
1989,310.42603,,-30.42603,0
1990,361.08517,,-81.08517,0
1991,334.4771,,-54.4771,1.143
1992,318.857,,-38.857,20.61197
1993,299.38803,,-19.38803,0
1994,378.6612,,-98.6612,0
1995,320.60724,,-40.60724,0
1996,323.21964,,-43.21964,3.12338
1997,316.87662,,-36.87662,0
1998,325.62704,,-45.62704,0
1999,326.56827,,-46.56827,3.93686
2000,316.06314,,-36.06314,25.1645
2001,294.8355,,-14.8355,0
2002,330.85733,,-50.85733,32.88828
2003,287.11172,,-7.11172,10.79333
2004,309.20667,,-29.20667,7.08484
2005,312.91516,,-32.91516,8.4347
2006,311.5653,,-31.5653,0
2007,321.56778,,-41.56778,2.85397
2008,317.14603,,-37.14603,0
2009,325.65704,,-45.65704,9.21106
2010,310.78894,,-30.78894,0
2011,338.17865,,-58.17865,3.53198
2012,316.46802,,-36.46802,0
2013,320.16757,,-40.16757,0
2014,321.3083,,-41.3083,0
2015,321.8988,,-41.8988,1.91266
2016,318.08734,,-38.08734,0
2017,320.935,,-40.935,3.4711
2018,316.5289,,-36.5289,9.41922
2019,310.58078,,-30.58078,0
2020,323.6752,,-43.6752,3.46008
2021,316.53992,,-36.53992,0
2022,322.27957,,-42.27957,13.38885
2023,306.61115,,-26.61115,0
2024,320.7013,,-40.7013,0
2025,325.44696,,-45.44696,0
2026,332.23837,,-52.23837,9.85934
2027,310.14066,,-30.14066,0
2028,326.3365,,-46.3365,0
2029,320.33438,,-40.33438,3.50082
2030,316.49918,,-36.49918,0
2031,333.30835,,-53.30835,7.87015
2032,312.12985,,-32.12985,28.63956
2033,291.36044,,-11.36044,0
2034,321.03168,,-41.03168,0
2035,325.44965,,-45.44965,9.69174
2036,310.30826,,-30.30826,0
2037,324.32065,,-44.32065,0
2038,325.99146,,-45.99146,6.21872
2039,313.78128,,-33.78128,5.71918
2040,314.28082,,-34.28082,2.06207
2041,317.93793,,-37.93793,10.81046
2042,309.18954,,-29.18954,21.9467
2043,298.0533,,-18.0533,0
2044,337.5245,,-57.5245,1.97757
2045,318.02243,,-38.02243,0
2046,339.55304,,-59.55304,0
2047,322.5662,,-42.5662,0
2048,329.06476,,-49.06476,4.31384
2049,315.68616,,-35.68616,4.1462
2050,315.8538,,-35.8538,1.7973
2051,318.2027,,-38.2027,12.15253
2052,307.84747,,-27.84747,0
2053,321.9824,,-41.9824,0
2054,321.76526,,-41.76526,0.73798
2055,319.26202,,-39.26202,0
2056,324.26126,,-44.26126,18.8141
2057,301.1859,,-21.1859,0
2058,361.90305,,-81.90305,31.72702
2059,288.27298,,-8.27298,20.29953
2060,299.70047,,-19.70047,12.39478
2061,307.60522,,-27.60522,1.99725
2062,318.00275,,-38.00275,7.98938
2063,312.01062,,-32.01062,4.4946
2064,315.5054,,-35.5054,3.593
2065,316.407,,-36.407,13.9222
2066,306.0778,,-26.0778,33.7161
2067,286.2839,,-6.2839,12.03195
2068,307.96805,,-27.96805,24.49536
2069,295.50464,,-15.50464,10.42136
2070,309.57864,,-29.57864,28.06647
2071,291.93353,,-11.93353,46.69666
2072,273.30334,,6.69666,0
2073,320.9154,,-40.9154,14.28687
2074,305.71313,,-25.71313,42.64975
2075,277.35025,,2.64975,7.7
2076,312.3,,-32.3,6.619
2077,313.381,,-33.381,13.69556
2078,306.30444,,-26.30444,0.51614
2079,319.48386,,-39.48386,52.22375
2080,267.77625,,12.22375,16.57782
2081,303.42218,,-23.42218,10.80048
2082,309.19952,,-29.19952,13.22095
2083,306.77905,,-26.77905,1.11862
2084,318.88138,,-38.88138,8.03394
2085,311.96606,,-31.96606,19.7962
2086,300.2038,,-20.2038,24.60858
2087,295.39142,,-15.39142,9.76596
2088,310.23404,,-30.23404,13.18668
2089,306.81332,,-26.81332,2.46808
2090,317.53192,,-37.53192,1.7269
2091,318.2731,,-38.2731,13.53522
2092,306.46478,,-26.46478,20.32233
2093,299.67767,,-19.67767,8.486
2094,311.514,,-31.514,0
2095,325.35294,,-45.35294,33.25128
2096,286.74872,,-6.74872,9.51413
2097,310.48587,,-30.48587,1.8597
2098,318.1403,,-38.1403,0.2784
2099,319.7216,,-39.7216,14.85773
2100,305.14227,,-25.14227,4.0616
2101,315.9384,,-35.9384,12.63614
2102,307.36386,,-27.36386,14.147
2103,305.853,,-25.853,28.68338
2104,291.31662,,-11.31662,40.1055
2105,279.8945,,0.1055,27.91006
2106,292.08994,,-12.08994,11.4188
2107,308.5812,,-28.5812,0
2108,321.3593,,-41.3593,11.8561
2109,308.1439,,-28.1439,8.6215
2110,311.3785,,-31.3785,4.95697
2111,315.04303,,-35.04303,0
2112,327.14536,,-47.14536,23.17758
2113,296.82242,,-16.82242,26.73236
2114,293.26764,,-13.26764,15.41388
2115,304.58612,,-24.58612,28.8059
2116,291.1941,,-11.1941,4.50076
2117,315.49924,,-35.49924,33.12936
2118,286.87064,,-6.87064,0
2119,328.5573,,-48.5573,0
2120,320.7413,,-40.7413,0.98117
2121,319.01883,,-39.01883,8.9452
2122,311.0548,,-31.0548,18.69064
2123,301.30936,,-21.30936,8.00513
2124,311.99487,,-31.99487,23.15878
2125,296.84122,,-16.84122,26.91986
2126,293.08014,,-13.08014,9.43774
2127,310.56226,,-30.56226,2.16687
2128,317.83313,,-37.83313,5.52768
2129,314.47232,,-34.47232,23.22025
2130,296.77975,,-16.77975,31.58673
2131,288.41327,,-8.41327,9.80212
2132,310.19788,,-30.19788,15.45718
2133,304.54282,,-24.54282,10.3872
2134,309.6128,,-29.6128,0
2135,349.32678,,-69.32678,0
2136,321.51004,,-41.51004,17.765
2137,302.235,,-22.235,11.07425
2138,308.92575,,-28.92575,26.71432
2139,293.28568,,-13.28568,19.0743
2140,300.9257,,-20.9257,11.74686
2141,308.25314,,-28.25314,0
2142,334.7164,,-54.7164,27.38248
2143,292.61752,,-12.61752,23.9878
2144,296.0122,,-16.0122,17.60782
2145,302.39218,,-22.39218,30.84515
2146,289.15485,,-9.15485,3.79477
2147,316.20523,,-36.20523,5.83508
2148,314.16492,,-34.16492,36.31595
2149,283.68405,,-3.68405,0
2150,338.18436,,-58.18436,11.30676
2151,308.69324,,-28.69324,42.2308
2152,277.7692,,2.2308,20.11783
2153,299.88217,,-19.88217,21.6145
2154,298.3855,,-18.3855,19.2662
2155,300.7338,,-20.7338,21.72787
2156,298.27213,,-18.27213,0.83353
2157,319.16647,,-39.16647,26.00238
2158,293.99762,,-13.99762,12.78702
2159,307.21298,,-27.21298,9.67767
2160,310.32233,,-30.32233,19.25558
2161,300.74442,,-20.74442,2.58875
2162,317.41125,,-37.41125,7.18048
2163,312.81952,,-32.81952,32.0222
2164,287.9778,,-7.9778,0
2165,325.84238,,-45.84238,37.5662
2166,282.4338,,-2.4338,22.65045
2167,297.34955,,-17.34955,29.37878
2168,290.62122,,-10.62122,20.4634
2169,299.5366,,-19.5366,18.21558
2170,301.78442,,-21.78442,29.3752
2171,290.6248,,-10.6248,18.9776
2172,301.0224,,-21.0224,26.22046
2173,293.77954,,-13.77954,25.5798
2174,294.4202,,-14.4202,21.92776
2175,298.07224,,-18.07224,20.4682
2176,299.5318,,-19.5318,16.6732
2177,303.3268,,-23.3268,17.27078
2178,302.72922,,-22.72922,16.77002
2179,303.22998,,-23.22998,7.5107
2180,312.4893,,-32.4893,14.381
2181,305.619,,-25.619,0
2182,327.47928,,-47.47928,7.38773
2183,312.61227,,-32.61227,36.08917
2184,283.91083,,-3.91083,20.02872
2185,299.97128,,-19.97128,25.05945
2186,294.94055,,-14.94055,0
2187,322.07028,,-42.07028,23.3599
2188,296.6401,,-16.6401,36.77917
2189,283.22083,,-3.22083,29.77353
2190,290.22647,,-10.22647,22.8525
2191,297.1475,,-17.1475,20.2438
2192,299.7562,,-19.7562,11.13904
2193,308.86096,,-28.86096,11.3298
2194,308.6702,,-28.6702,18.59344
2195,301.40656,,-21.40656,26.649
2196,293.351,,-13.351,23.74338
2197,296.25662,,-16.25662,29.90576
2198,290.09424,,-10.09424,16.7001
2199,303.2999,,-23.2999,1.2472
2200,318.7528,,-38.7528,0
2201,322.8991,,-42.8991,47.82352
2202,272.17648,,7.82352,33.36063
2203,286.63937,,-6.63937,4.4013
2204,315.5987,,-35.5987,19.47635
2205,300.52365,,-20.52365,7.52582
2206,312.47418,,-32.47418,0
2207,332.61548,,-52.61548,20.56677
2208,299.43323,,-19.43323,4.86746
2209,315.13254,,-35.13254,3.7538
2210,316.2462,,-36.2462,22.56985
2211,297.43015,,-17.43015,27.19644
2212,292.80356,,-12.80356,9.00003
2213,310.99997,,-30.99997,8.9142
2214,311.0858,,-31.0858,21.54242
2215,298.45758,,-18.45758,32.64264
2216,287.35736,,-7.35736,0
2217,323.4807,,-43.4807,21.9149
2218,298.0851,,-18.0851,39.92252
2219,280.07748,,-0.07748,10.9266
2220,309.0734,,-29.0734,40.14407
2221,279.85593,,0.14407,25.01794
2222,294.98206,,-14.98206,15.73978
2223,304.26022,,-24.26022,29.33038
2224,290.66962,,-10.66962,21.04742
2225,298.95258,,-18.95258,27.31064
2226,292.68936,,-12.68936,22.2142
2227,297.7858,,-17.7858,18.65228
2228,301.34772,,-21.34772,26.34134
2229,293.65866,,-13.65866,14.87506
2230,305.12494,,-25.12494,23.57257
2231,296.42743,,-16.42743,18.09848
2232,301.90152,,-21.90152,13.2484
2233,306.7516,,-26.7516,35.91397
2234,284.08603,,-4.08603,26.71277
2235,293.28723,,-13.28723,37.5238
2236,282.4762,,-2.4762,32.15002
2237,287.84998,,-7.84998,38.80447
2238,281.19553,,-1.19553,37.35864
2239,282.64136,,-2.64136,29.75705
2240,290.24295,,-10.24295,34.72037
2241,285.27963,,-5.27963,4.44293
2242,315.55707,,-35.55707,21.09628
2243,298.90372,,-18.90372,8.18423
2244,311.81577,,-31.81577,9.20572
2245,310.79428,,-30.79428,20.25253
2246,299.74747,,-19.74747,47.9135
2247,272.0865,,7.9135,28.60376
2248,291.39624,,-11.39624,30.14005
2249,289.85995,,-9.85995,16.15732
2250,303.84268,,-23.84268,9.11575
2251,310.88425,,-30.88425,0.58157
2252,319.41843,,-39.41843,21.56454
2253,298.43546,,-18.43546,12.46335
2254,307.53665,,-27.53665,16.4648
2255,303.5352,,-23.5352,21.54276
2256,298.45724,,-18.45724,14.40417
2257,305.59583,,-25.59583,25.42633
2258,294.57367,,-14.57367,22.94318
2259,297.05682,,-17.05682,28.21628
2260,291.78372,,-11.78372,9.24924
2261,310.75076,,-30.75076,0
2262,321.0938,,-41.0938,9.48993
2263,310.51007,,-30.51007,10.81985
2264,309.18015,,-29.18015,11.58765
2265,308.41235,,-28.41235,7.38562
2266,312.61438,,-32.61438,0
2267,320.4415,,-40.4415,20.88748
2268,299.11252,,-19.11252,29.43732
2269,290.56268,,-10.56268,53.38052
2270,266.61948,,13.38052,22.52637
2271,297.47363,,-17.47363,18.73294
2272,301.26706,,-21.26706,42.18002
2273,277.81998,,2.18002,30.97137
2274,289.02863,,-9.02863,7.8293
2275,312.1707,,-32.1707,23.0493
2276,296.9507,,-16.9507,41.85748
2277,278.14252,,1.85748,45.0787
2278,274.9213,,5.0787,26.22363
2279,293.77637,,-13.77637,18.51404
2280,301.48596,,-21.48596,9.81335
2281,310.18665,,-30.18665,3.23975
2282,316.76025,,-36.76025,46.25815
2283,273.74185,,6.25815,45.8503
2284,274.1497,,5.8503,16.32556
2285,303.67444,,-23.67444,20.50598
2286,299.49402,,-19.49402,5.42117
2287,314.57883,,-34.57883,12.5835
2288,307.4165,,-27.4165,36.4404
2289,283.5596,,-3.5596,38.82764
2290,281.17236,,-1.17236,41.5241
2291,278.4759,,1.5241,11.1747
2292,308.8253,,-28.8253,48.27982
2293,271.72018,,8.27982,0
2294,324.15366,,-44.15366,18.79294
2295,301.20706,,-21.20706,25.04398
2296,294.95602,,-14.95602,11.7898
2297,308.2102,,-28.2102,43.3741
2298,276.6259,,3.3741,17.62918
2299,302.37082,,-22.37082,16.0438
2300,303.9562,,-23.9562,25.47064
2301,294.52936,,-14.52936,14.25986
2302,305.74014,,-25.74014,33.5036
2303,286.4964,,-6.4964,37.6033
2304,282.3967,,-2.3967,24.07526
2305,295.92474,,-15.92474,10.27704
2306,309.72296,,-29.72296,22.78738
2307,297.21262,,-17.21262,16.93326
2308,303.06674,,-23.06674,8.5104
2309,311.4896,,-31.4896,33.88812
2310,286.11188,,-6.11188,35.3776
2311,284.6224,,-4.6224,25.8128
2312,294.1872,,-14.1872,0
2313,320.48367,,-40.48367,17.27798
2314,302.72202,,-22.72202,24.04865
2315,295.95135,,-15.95135,12.77112
2316,307.22888,,-27.22888,18.25607
2317,301.74393,,-21.74393,23.61078
2318,296.38922,,-16.38922,15.21658
2319,304.78342,,-24.78342,19.54916
2320,300.45084,,-20.45084,22.72873
2321,297.27127,,-17.27127,2.09192
2322,317.90808,,-37.90808,24.09363
2323,295.90637,,-15.90637,39.83438
2324,280.16562,,-0.16562,15.3882
2325,304.6118,,-24.6118,11.0741
2326,308.9259,,-28.9259,18.02194
2327,301.97806,,-21.97806,5.21906
2328,314.78094,,-34.78094,0
2329,324.89566,,-44.89566,43.67355
2330,276.32645,,3.67355,35.0084
2331,284.9916,,-4.9916,14.76242
2332,305.23758,,-25.23758,19.1458
2333,300.8542,,-20.8542,28.5735
2334,291.4265,,-11.4265,14.85995
2335,305.14005,,-25.14005,11.38644
2336,308.61356,,-28.61356,26.00012
2337,293.99988,,-13.99988,14.25827
2338,305.74173,,-25.74173,18.7307
2339,301.2693,,-21.2693,2.35556
2340,317.64444,,-37.64444,0
2341,328.49942,,-48.49942,8.4879
2342,311.5121,,-31.5121,1.26755
2343,318.73245,,-38.73245,15.39874
2344,304.60126,,-24.60126,25.4619
2345,294.5381,,-14.5381,4.4106
2346,315.5894,,-35.5894,9.44446
2347,310.55554,,-30.55554,27.38574
2348,292.61426,,-12.61426,14.34766
2349,305.65234,,-25.65234,31.2135
2350,288.7865,,-8.7865,33.26556
2351,286.73444,,-6.73444,6.36267
2352,313.63733,,-33.63733,0
2353,325.28854,,-45.28854,32.37918
2354,287.62082,,-7.62082,28.45773
2355,291.54227,,-11.54227,13.87787
2356,306.12213,,-26.12213,14.54333
2357,305.45667,,-25.45667,0
2358,328.17316,,-48.17316,28.55737
2359,291.44263,,-11.44263,57.53665
2360,262.46335,,17.53665,26.60956
2361,293.39044,,-13.39044,4.32892
2362,315.67108,,-35.67108,26.6951
2363,293.3049,,-13.3049,24.14203
2364,295.85797,,-15.85797,28.55035
2365,291.44965,,-11.44965,27.72433
2366,292.27567,,-12.27567,11.4561
2367,308.5439,,-28.5439,40.0128
2368,279.9872,,0.0128,10.95367
2369,309.04633,,-29.04633,21.0683
2370,298.9317,,-18.9317,9.43985
2371,310.56015,,-30.56015,37.4717
2372,282.5283,,-2.5283,26.54785
2373,293.45215,,-13.45215,18.97946
2374,301.02054,,-21.02054,27.66406
2375,292.33594,,-12.33594,15.56644
2376,304.43356,,-24.43356,6.9582
2377,313.0418,,-33.0418,5.87766
2378,314.12234,,-34.12234,28.9686
2379,291.0314,,-11.0314,0
2380,351.54968,,-71.54968,10.52396
2381,309.47604,,-29.47604,7.22665
2382,312.77335,,-32.77335,25.30673
2383,294.69327,,-14.69327,24.79034
2384,295.20966,,-15.20966,7.89212
2385,312.10788,,-32.10788,12.97195
2386,307.02805,,-27.02805,0
2387,334.62213,,-54.62213,0
2388,326.64664,,-46.64664,5.82288
2389,314.17712,,-34.17712,8.50842
2390,311.49158,,-31.49158,0
2391,322.05676,,-42.05676,5.63116
2392,314.36884,,-34.36884,0
2393,320.69785,,-40.69785,0
2394,324.71478,,-44.71478,7.2511
2395,312.7489,,-32.7489,10.36493
2396,309.63507,,-29.63507,7.13232
2397,312.86768,,-32.86768,10.16977
2398,309.83023,,-29.83023,28.07388
2399,291.92612,,-11.92612,7.59442
2400,312.40558,,-32.40558,15.1377
2401,304.8623,,-24.8623,28.3878
2402,291.6122,,-11.6122,24.37143
2403,295.62857,,-15.62857,35.31552
2404,284.68448,,-4.68448,18.17078
2405,301.82922,,-21.82922,19.8181
2406,300.1819,,-20.1819,13.88425
2407,306.11575,,-26.11575,14.48895
2408,305.51105,,-25.51105,6.1311
2409,313.8689,,-33.8689,0
2410,324.23032,,-44.23032,8.50668
2411,311.49332,,-31.49332,6.25836
2412,313.74164,,-33.74164,3.64313
2413,316.35687,,-36.35687,17.34674
2414,302.65326,,-22.65326,14.052
2415,305.948,,-25.948,20.7766
2416,299.2234,,-19.2234,3.8823
2417,316.1177,,-36.1177,13.2799
2418,306.7201,,-26.7201,8.15445
2419,311.84555,,-31.84555,32.79938
2420,287.20062,,-7.20062,15.6065
2421,304.3935,,-24.3935,2.7282
2422,317.2718,,-37.2718,6.30832
2423,313.69168,,-33.69168,2.25113
2424,317.74887,,-37.74887,11.63794
2425,308.36206,,-28.36206,0
2426,328.4923,,-48.4923,3.80692
2427,316.19308,,-36.19308,9.09647
2428,310.90353,,-30.90353,0.1868
2429,319.8132,,-39.8132,4.5876
2430,315.4124,,-35.4124,24.69287
2431,295.30713,,-15.30713,11.37515
2432,308.62485,,-28.62485,28.42096
2433,291.57904,,-11.57904,1.6784
2434,318.3216,,-38.3216,12.91547
2435,307.08453,,-27.08453,22.89236
2436,297.10764,,-17.10764,24.43658
2437,295.56342,,-15.56342,12.6786
2438,307.3214,,-27.3214,17.29443
2439,302.70557,,-22.70557,5.00095
2440,314.99905,,-34.99905,30.58865
2441,289.41135,,-9.41135,3.21213
2442,316.78787,,-36.78787,9.10788
2443,310.89212,,-30.89212,15.4865
2444,304.5135,,-24.5135,12.82285
2445,307.17715,,-27.17715,0
2446,320.0288,,-40.0288,0
2447,320.664,,-40.664,15.43243
2448,304.56757,,-24.56757,11.27014
2449,308.72986,,-28.72986,6.63464
2450,313.36536,,-33.36536,45.37582
2451,274.62418,,5.37582,26.87854
2452,293.12146,,-13.12146,32.60822
2453,287.39178,,-7.39178,33.86307
2454,286.13693,,-6.13693,3.61108
2455,316.38892,,-36.38892,14.4733
2456,305.5267,,-25.5267,18.40085
2457,301.59915,,-21.59915,8.02274
2458,311.97726,,-31.97726,11.01196
2459,308.98804,,-28.98804,2.6993
2460,317.3007,,-37.3007,0
2461,320.32376,,-40.32376,4.55975
2462,315.44025,,-35.44025,10.1237
2463,309.8763,,-29.8763,16.42648
2464,303.57352,,-23.57352,4.83636
2465,315.16364,,-35.16364,1.50836
2466,318.49164,,-38.49164,14.5898
2467,305.4102,,-25.4102,0
2468,325.10278,,-45.10278,1.2649
2469,318.7351,,-38.7351,26.37952
2470,293.62048,,-13.62048,20.6548
2471,299.3452,,-19.3452,15.12918
2472,304.87082,,-24.87082,5.67148
2473,314.32852,,-34.32852,3.83755
2474,316.16245,,-36.16245,4.34512
2475,315.65488,,-35.65488,0
2476,324.52078,,-44.52078,3.85968
2477,316.14032,,-36.14032,26.9213
2478,293.0787,,-13.0787,0
2479,336.0233,,-56.0233,11.3192
2480,308.6808,,-28.6808,1.87198
2481,318.12802,,-38.12802,15.35516
2482,304.64484,,-24.64484,1.2603
2483,318.7397,,-38.7397,5.26147
2484,314.73853,,-34.73853,12.52423
2485,307.47577,,-27.47577,12.69394
2486,307.30606,,-27.30606,0
2487,323.4416,,-43.4416,0
2488,321.8484,,-41.8484,3.08743
2489,316.91257,,-36.91257,3.27267
2490,316.72733,,-36.72733,19.2889
2491,300.7111,,-20.7111,26.5893
2492,293.4107,,-13.4107,15.58655
2493,304.41345,,-24.41345,13.7006
2494,306.2994,,-26.2994,14.01965
2495,305.98035,,-25.98035,14.1516
2496,305.8484,,-25.8484,0
2497,322.74707,,-42.74707,16.79565
2498,303.20435,,-23.20435,7.583
2499,312.417,,-32.417,0
2500,323.76242,,-43.76242,30.2133
2501,289.7867,,-9.7867,0
2502,333.08176,,-53.08176,0
2503,334.4384,,-54.4384,0
2504,330.10104,,-50.10104,31.29333
2505,288.70667,,-8.70667,1.47345
2506,318.52655,,-38.52655,13.8516
2507,306.1484,,-26.1484,2.7034
2508,317.2966,,-37.2966,320
