,score
0,328.24554
1,338.82803
2,324.65262
3,318.28046
4,319.7961
5,313.5659
6,321.77905
7,324.29688
8,332.61804
9,328.09756
10,324.7199
11,326.93677
12,327.4998
13,321.4858
14,330.44495
15,335.97183
16,314.75024
17,323.44308
18,312.2711
19,322.33743
20,311.26285
21,316.92938
22,312.71878
23,315.1647
24,321.79593
25,323.17297
26,312.77548
27,325.1488
28,323.33652
29,321.06894
30,318.74167
31,312.62817
32,324.97226
33,327.55383
34,335.47516
35,316.51947
36,327.9757
37,318.1564
38,313.5303
39,319.45367
40,323.3658
41,313.6602
42,312.80365
43,327.72705
44,340.03983
45,319.90756
46,319.45203
47,322.04993
48,324.1929
49,317.53265
50,310.62177
51,345.89325
52,318.1385
53,333.48694
54,316.3655
55,311.6128
56,318.00085
57,316.62332
58,311.7398
59,319.6273
60,326.29587
61,317.3219
62,310.86432
63,305.1309
64,319.5675
65,311.0073
66,317.0047
67,341.68213
68,330.3319
69,324.71796
70,315.22354
71,326.09668
72,308.037
73,312.05286
74,317.93704
75,316.85367
76,291.9952
77,312.04572
78,318.73083
79,318.84595
80,316.91727
81,321.23572
82,312.54114
83,305.12534
84,315.30002
85,311.63724
86,313.13712
87,316.92188
88,310.6637
89,312.24368
90,320.0922
91,324.35333
92,321.78018
93,315.0846
94,312.97433
95,317.83514
96,327.5987
97,315.3646
98,314.6357
99,320.80054
100,320.24567
101,310.77173
102,305.7323
103,310.66003
104,324.67505
105,331.55618
106,305.81247
107,309.49316
108,317.8032
109,327.00784
110,319.8406
111,322.39456
112,323.07953
113,319.3085
114,322.63712
115,322.93607
116,323.76035
117,320.81427
118,329.79846
119,335.46024
120,337.94272
121,325.08408
122,313.43942
123,328.7384
124,328.89648
125,330.79742
126,321.8617
127,306.11243
128,309.69025
129,289.72015
130,296.08557
131,286.57162
132,284.66257
133,336.66357
134,323.71643
135,328.18405
136,307.09903
137,313.35617
138,324.8746
139,319.42255
140,319.68
141,326.19055
142,312.9793
143,311.36044
144,322.4346
145,322.84586
146,331.07022
147,326.2253
148,318.5093
149,319.24658
150,309.66168
151,319.9811
152,323.04407
153,319.96213
154,328.85437
155,316.52832
156,315.3029
157,310.63104
158,310.10074
159,308.83353
160,317.84195
161,322.21143
162,318.69452
163,306.27814
164,318.269
165,310.94156
166,304.47046
167,314.55728
168,306.7703
169,306.6377
170,312.20648
171,308.99716
172,317.90848
173,318.2819
174,325.846
175,326.18823
176,321.31128
177,316.34894
178,344.0342
179,317.0241
180,312.95447
181,338.16354
182,327.63388
183,310.23215
184,326.4903
185,323.88412
186,324.96194
187,328.0211
188,327.37808
189,313.12656
190,324.5183
191,324.7447
192,323.9053
193,305.6052
194,331.46625
195,324.9629
196,324.44308
197,322.47427
198,312.62173
199,323.64948
200,304.02597
201,316.26773
202,324.94302
203,313.50836
204,326.46368
205,313.47113
206,328.1893
207,324.77338
208,335.89163
209,315.46817
210,322.5005
211,323.363
212,318.99634
213,318.4226
214,337.88077
215,311.47256
216,309.30637
217,314.92627
218,337.5683
219,315.3583
220,304.88403
221,305.9556
222,317.0015
223,315.73685
224,314.26254
225,313.63712
226,317.41772
227,340.05945
228,328.30222
229,326.3307
230,314.81808
231,312.72485
232,320.38367
233,322.8381
234,325.30582
235,327.80356
236,320.14172
237,314.8296
238,306.49005
239,315.4786
240,330.257
241,326.71863
242,318.32257
243,320.46722
244,317.8327
245,313.76468
246,313.06223
247,307.7346
248,321.14175
249,317.12723
250,330.16
251,316.12457
252,311.03784
253,325.2405
254,310.34952
255,322.0339
256,321.32657
257,313.66904
258,318.65756
259,318.50677
260,310.9831
261,326.5915
262,320.43948
263,322.89133
264,325.28076
265,320.90912
266,318.20886
267,326.8686
268,314.53485
269,311.01993
270,318.2632
271,311.39108
272,316.75647
273,326.6249
274,310.99435
275,331.86298
276,327.01874
277,333.44168
278,327.67706
279,317.81522
280,316.43985
281,320.35898
282,315.26797
283,317.97653
284,332.6448
285,319.9621
286,319.36142
287,351.4698
288,328.68954
289,317.05896
290,313.47015
291,307.60208
292,310.88452
293,326.26108
294,307.74655
295,318.04724
296,334.65814
297,321.73373
298,320.48315
299,325.08078
300,336.12576
301,324.62585
302,321.2389
303,315.65805
304,318.1277
305,316.95145
306,329.97696
307,324.94022
308,326.3548
309,322.3514
310,322.82538
311,317.7718
312,316.30084
313,315.08307
314,328.7002
315,312.01114
316,320.35263
317,317.91794
318,310.33524
319,303.75403
320,315.20557
321,310.14944
322,321.7956
323,321.67755
324,315.21246
325,314.001
326,312.13153
327,321.54514
328,316.79904
329,305.23187
330,300.37524
331,313.89725
332,320.50485
333,321.9783
334,317.62277
335,310.60727
336,330.1272
337,316.58716
338,319.7337
339,323.49942
340,314.3076
341,331.07498
342,315.498
343,317.72543
344,310.53668
345,316.64142
346,305.86163
347,322.00266
348,316.5374
349,324.2834
350,324.59567
351,318.8905
352,325.6153
353,323.12027
354,326.9951
355,314.91797
356,319.60754
357,304.45657
358,320.85873
359,321.60825
360,312.79437
361,308.86816
362,323.08868
363,315.90884
364,311.07516
365,318.79333
366,312.35867
367,330.45633
368,319.40848
369,313.171
370,316.0796
371,319.23776
372,319.36575
373,328.78857
374,313.2004
375,325.18076
376,321.88724
377,323.39722
378,324.49908
379,328.45355
380,324.7493
381,336.55295
382,323.29312
383,323.72192
384,330.99005
385,332.06693
386,329.1473
387,328.43524
388,323.2931
389,317.73334
390,316.0757
391,315.09128
392,323.41394
393,327.82217
394,322.41544
395,308.27554
396,317.30655
397,323.7354
398,318.78467
399,325.7676
400,326.05646
401,322.5099
402,321.46835
403,325.71698
404,318.49744
405,332.59183
406,320.44012
407,312.89124
408,323.28577
409,321.25558
410,316.09406
411,318.39542
412,309.159
413,314.55966
414,317.48416
415,320.85855
416,337.12003
417,323.68887
418,322.60925
419,318.89606
420,315.42032
421,340.12137
422,316.92432
423,322.58145
424,328.9053
425,333.57642
426,321.68555
427,324.95572
428,324.19577
429,327.71658
430,318.20517
431,316.98264
432,318.57388
433,311.59525
434,317.73132
435,321.79367
436,338.0946
437,317.71106
438,324.8601
439,326.91064
440,325.51407
441,328.81604
442,323.38632
443,314.59134
444,326.82547
445,309.89105
446,316.3587
447,316.80966
448,324.8827
449,314.51868
450,320.893
451,318.66272
452,323.46356
453,320.94473
454,315.12595
455,314.80786
456,327.38345
457,328.49084
458,321.07242
459,325.97522
460,308.16513
461,322.97525
462,319.27206
463,316.44006
464,319.79047
465,319.87857
466,323.2763
467,315.91632
468,319.08957
469,309.35822
470,319.13678
471,313.8103
472,316.68118
473,321.56677
474,313.36624
475,312.2024
476,324.74896
477,318.30106
478,318.0704
479,320.8033
480,320.1476
481,317.92676
482,318.9563
483,317.0489
484,305.76138
485,319.16864
486,324.49588
487,317.5007
488,315.725
489,316.74176
490,325.0796
491,314.69247
492,323.67926
493,325.811
494,324.45154
495,317.6507
496,332.2268
497,326.754
498,320.0285
499,318.72028
500,310.6538
501,314.25607
502,316.91428
503,317.28482
504,328.71347
505,332.31882
506,322.7656
507,331.22028
508,311.39417
509,325.70236
510,321.5857
511,316.2511
512,326.11594
513,323.44144
514,333.05118
515,324.81564
516,321.94373
517,321.49625
518,336.27753
519,339.1099
520,314.17938
521,313.233
522,328.0975
523,325.163
524,311.93042
525,314.3962
526,331.44757
527,333.40942
528,324.44595
529,314.43332
530,314.0795
531,315.89655
532,315.38138
533,370.61575
534,313.72717
535,317.82205
536,316.87756
537,323.55847
538,315.44385
539,318.00565
540,322.35193
541,321.90842
542,318.07047
543,331.3702
544,314.96286
545,331.0482
546,314.41675
547,323.04797
548,324.68033
549,325.88763
550,319.91708
551,322.3421
552,325.32135
553,332.78943
554,316.96985
555,316.68628
556,327.6318
557,323.09467
558,322.64948
559,312.85416
560,327.37
561,331.34103
562,326.76263
563,327.51068
564,319.09128
565,324.6921
566,323.77664
567,314.00516
568,327.1365
569,320.59973
570,317.97223
571,303.43018
572,317.62546
573,331.53867
574,326.79984
575,323.55875
576,321.168
577,322.48172
578,330.2699
579,322.45197
580,331.47928
581,323.4228
582,321.66025
583,322.63297
584,334.93024
585,315.64368
586,336.34894
587,322.51068
588,321.44873
589,316.30478
590,315.45047
591,339.2868
592,326.94217
593,323.71213
594,327.0312
595,329.5972
596,323.60638
597,335.3874
598,323.15985
599,320.12207
600,315.74222
601,318.0641
602,323.61984
603,323.53415
604,326.1561
605,328.45474
606,316.20316
607,318.73575
608,322.0201
609,309.1162
610,315.5538
611,304.58865
612,324.37405
613,321.65048
614,308.14838
615,313.13025
616,314.61554
617,301.71936
618,316.80478
619,313.8549
620,330.66693
621,327.3398
622,317.65894
623,323.1043
624,319.76373
625,320.31863
626,336.98376
627,326.335
628,331.2632
629,316.56
630,322.2857
631,323.6493
632,306.66257
633,313.8585
634,310.0096
635,314.8535
636,317.78827
637,322.75867
638,322.6391
639,326.70587
640,361.71237
641,326.88138
642,333.76196
643,323.99265
644,308.81494
645,317.9227
646,311.30667
647,301.18082
648,310.96417
649,321.35263
650,316.73615
651,310.33307
652,319.0467
653,327.5214
654,351.6588
655,315.7292
656,314.8175
657,309.4001
658,317.9245
659,333.61008
660,335.10748
661,317.16168
662,323.77545
663,323.27472
664,323.70987
665,326.7456
666,329.26825
667,327.87155
668,327.9133
669,316.13174
670,320.2376
671,320.48615
672,314.4577
673,313.01968
674,329.0699
675,323.53183
676,320.03632
677,318.25406
678,309.8016
679,319.90915
680,324.49094
681,330.9998
682,312.50662
683,306.3548
684,319.99188
685,325.8903
686,335.79416
687,322.16324
688,318.66028
689,321.76172
690,330.0882
691,316.42453
692,328.46573
693,315.89755
694,320.18564
695,314.1394
696,321.77396
697,317.3693
698,329.54672
699,325.28302
700,327.14795
701,327.21255
702,317.94885
703,333.63483
704,323.65134
705,316.9886
706,317.00897
707,313.47192
708,320.96948
709,318.58044
710,318.4695
711,335.86273
712,321.94437
713,318.543
714,323.98227
715,330.35052
716,322.65735
717,322.3131
718,329.7183
719,318.23462
720,321.1733
721,326.30176
722,315.29724
723,331.08884
724,326.67966
725,314.9889
726,337.8903
727,318.49945
728,326.13727
729,338.39136
730,349.87595
731,318.24094
732,342.28973
733,321.5696
734,318.81497
735,356.8831
736,320.74155
737,316.1262
738,313.03195
739,325.79446
740,326.83548
741,316.27704
742,329.5107
743,327.85577
744,319.95697
745,317.99768
746,327.15622
747,318.36978
748,340.58942
749,322.8672
750,317.03748
751,325.85583
752,325.71347
753,330.7563
754,331.0779
755,324.7194
756,318.30722
757,328.04956
758,317.06158
759,329.4687
760,323.03104
761,310.5642
762,312.95984
763,316.31128
764,327.79907
765,322.155
766,322.2027
767,324.82693
768,328.1333
769,336.00012
770,316.01892
771,319.41992
772,324.8632
773,320.0478
774,323.61487
775,321.09412
776,325.1561
777,331.73663
778,318.98544
779,339.26413
780,328.59943
781,322.8732
782,323.44147
783,321.2051
784,327.39697
785,329.02942
786,327.3008
787,317.22485
788,319.39206
789,313.31934
790,332.21222
791,318.8564
792,328.38052
793,318.85196
794,327.8208
795,315.73987
796,337.94278
797,315.4755
798,323.24136
799,324.39127
800,324.3518
801,314.94434
802,316.68683
803,320.2246
804,323.87228
805,324.367
806,330.47766
807,316.38586
808,322.55804
809,324.01218
810,329.2493
811,312.61105
812,328.46588
813,312.61023
814,319.06723
815,318.26324
816,320.35394
817,321.7969
818,336.2093
819,323.8623
820,339.11832
821,318.79315
822,328.89786
823,321.30923
824,324.87094
825,321.91776
826,325.50784
827,323.3999
828,318.64868
829,320.8591
830,310.01114
831,317.1652
832,315.91205
833,329.3251
834,303.5502
835,331.682
836,319.52454
837,318.28387
838,330.60687
839,327.03293
840,320.18637
841,318.664
842,322.97433
843,347.49127
844,327.82648
845,333.1434
846,325.5515
847,321.71152
848,329.337
849,325.739
850,318.22913
851,316.31085
852,316.3985
853,317.43268
854,329.03998
855,330.36646
856,324.48874
857,314.51337
858,316.7194
859,322.89844
860,329.85086
861,327.13535
862,328.65466
863,321.69025
864,312.0888
865,324.1954
866,318.29944
867,316.0117
868,322.82123
869,322.8853
870,321.54358
871,322.57706
872,321.2791
873,365.21005
874,324.88126
875,324.319
876,316.5888
877,319.17908
878,321.67996
879,321.0359
880,320.00775
881,312.9304
882,327.05536
883,320.5008
884,305.4896
885,309.70288
886,322.32986
887,312.13892
888,312.64423
889,301.25104
890,313.94824
891,314.86365
892,328.05557
893,314.33206
894,325.07626
895,325.45032
896,320.00632
897,325.4027
898,326.1579
899,319.1891
900,320.1667
901,312.2845
902,329.6104
903,319.80185
904,323.96405
905,323.74792
906,324.76044
907,329.07092
908,313.98123
909,327.71317
910,323.17148
911,322.99515
912,316.5893
913,318.51828
914,324.28244
915,306.237
916,316.9335
917,317.2556
918,322.53156
919,327.50433
920,326.19247
921,317.26453
922,314.51663
923,311.8683
924,321.42245
925,311.01712
926,309.2529
927,320.60034
928,316.18546
929,325.42432
930,333.3162
931,327.10446
932,329.12985
933,324.42392
934,319.67694
935,320.47165
936,317.61273
937,326.88397
938,323.4825
939,319.90103
940,328.68945
941,327.49652
942,321.11295
943,320.82568
944,331.23312
945,323.07693
946,323.22955
947,325.5085
948,317.81598
949,330.6087
950,329.83725
951,321.2058
952,326.80017
953,321.55936
954,314.83316
955,325.7381
956,303.3619
957,318.51254
958,315.81824
959,316.31082
960,312.50824
961,310.45953
962,344.332
963,322.97784
964,328.835
965,325.88812
966,320.7293
967,324.80392
968,316.4758
969,322.3239
970,323.8883
971,327.15884
972,326.89786
973,317.30276
974,320.4188
975,317.15036
976,325.42807
977,333.6783
978,317.95847
979,324.4098
980,318.71863
981,322.47913
982,325.13287
983,313.22495
984,312.20297
985,332.75354
986,310.6357
987,334.96152
988,323.7659
989,309.22946
990,335.43082
991,319.85602
992,323.07358
993,319.80905
994,324.2445
995,315.13174
996,327.81436
997,323.88147
998,329.42694
999,314.98694
1000,325.65665
1001,329.69476
1002,325.6062
1003,326.07452
1004,317.23233
1005,323.05728
1006,321.10153
1007,319.78058
1008,328.52704
1009,348.0322
1010,322.31464
1011,321.2242
1012,329.47638
1013,318.64877
1014,327.34454
1015,319.49374
1016,320.01746
1017,332.01978
1018,311.52234
1019,314.91675
1020,322.33984
1021,341.0973
1022,315.95987
1023,327.52762
1024,324.51944
1025,326.09903
1026,311.96667
1027,317.58548
1028,322.23874
1029,312.87524
1030,322.47562
1031,325.76422
1032,327.13678
1033,330.37634
1034,322.5775
1035,333.65726
1036,329.96646
1037,321.97833
1038,312.27783
1039,317.73056
1040,324.9647
1041,321.78055
1042,310.57254
1043,325.29733
1044,323.83636
1045,323.23224
1046,326.9238
1047,319.11163
1048,323.421
1049,318.88116
1050,326.218
1051,321.6556
1052,317.88425
1053,315.39453
1054,349.2414
1055,326.49417
1056,322.4673
1057,325.10632
1058,324.91217
1059,316.0058
1060,319.2479
1061,320.27832
1062,325.0584
1063,324.56677
1064,324.94757
1065,334.6679
1066,324.19788
1067,320.62857
1068,319.86694
1069,336.14877
1070,319.6536
1071,324.29675
1072,322.8775
1073,332.8965
1074,327.7832
1075,327.00574
1076,319.01645
1077,312.56918
1078,321.84088
1079,334.80457
1080,321.37897
1081,327.39474
1082,330.3161
1083,327.74548
1084,316.34894
1085,329.72354
1086,344.72296
1087,321.4197
1088,323.93503
1089,323.2893
1090,313.72418
1091,320.80338
1092,329.56357
1093,326.23666
1094,330.86673
1095,330.80972
1096,339.15488
1097,339.71558
1098,328.21387
1099,327.2731
1100,319.49048
1101,314.50818
1102,314.10455
1103,316.03287
1104,316.01617
1105,312.68307
1106,320.39166
1107,327.65228
1108,320.1409
1109,337.50467
1110,326.87045
1111,318.74228
1112,323.79886
1113,314.80173
1114,321.34436
1115,323.51877
1116,324.6981
1117,324.8729
1118,312.83255
1119,319.2464
1120,323.13995
1121,314.6383
1122,328.2288
1123,323.30075
1124,320.11502
1125,317.54083
1126,323.68893
1127,316.77243
1128,329.4907
1129,319.1926
1130,319.2963
1131,325.40842
1132,321.93384
1133,316.47214
1134,324.8611
1135,318.73267
1136,316.77594
1137,320.81396
1138,326.44028
1139,320.63913
1140,324.91306
1141,332.04175
1142,328.78168
1143,322.37634
1144,323.969
1145,317.39615
1146,323.91995
1147,318.68924
1148,327.46896
1149,326.23077
1150,328.40042
1151,321.2264
1152,328.14188
1153,325.90845
1154,315.0439
1155,326.2298
1156,310.83636
1157,338.3248
1158,327.35803
1159,326.30783
1160,317.15674
1161,317.70956
1162,325.12234
1163,321.0908
1164,322.25858
1165,313.9068
1166,326.81134
1167,326.1074
1168,323.25113
1169,314.32822
1170,316.35275
1171,322.33817
1172,326.154
1173,319.68643
1174,318.20908
1175,326.73764
1176,325.26663
1177,322.6147
1178,330.0452
1179,331.96048
1180,318.00266
1181,315.1176
1182,319.1629
1183,312.0536
1184,332.62802
1185,317.68765
1186,331.3507
1187,335.02667
1188,323.58047
1189,325.90567
1190,319.66788
1191,328.9793
1192,319.6239
1193,321.92245
1194,318.1896
1195,325.98068
1196,322.5198
1197,308.5505
1198,328.5751
1199,310.6929
1200,322.63348
1201,315.24197
1202,330.0528
1203,320.3634
1204,317.32715
1205,321.72543
1206,312.85678
1207,328.3693
1208,319.54852
1209,328.59244
1210,322.46115
1211,315.39294
1212,310.03412
1213,314.4395
1214,323.6718
1215,331.7212
1216,323.76556
1217,327.31894
1218,326.19678
1219,313.1842
1220,316.70724
1221,326.73065
1222,315.69
1223,327.06757
1224,321.51797
1225,315.86734
1226,328.49066
1227,333.3958
1228,320.44922
1229,310.53552
1230,323.32837
1231,311.73288
1232,313.51413
1233,319.25613
1234,300.91745
1235,313.0314
1236,320.3711
1237,311.4521
1238,323.23212
1239,319.8414
1240,326.64053
1241,325.4095
1242,317.647
1243,323.75955
1244,310.0966
1245,324.09546
1246,319.04852
1247,327.8281
1248,324.1936
1249,332.08762
1250,319.81857
1251,321.58273
1252,323.57504
1253,330.90164
1254,314.06
1255,325.162
1256,336.70078
1257,313.27826
1258,325.9955
1259,310.69882
1260,319.8712
1261,322.97253
1262,324.16135
1263,323.67413
1264,334.0447
1265,327.82465
1266,332.2103
1267,315.78867
1268,325.8994
1269,325.24292
1270,322.8968
1271,315.55438
1272,332.9429
1273,315.05505
1274,322.09805
1275,316.51505
1276,313.48758
1277,322.6751
1278,338.9482
1279,316.4785
1280,317.68835
1281,322.8206
1282,321.57913
1283,309.48514
1284,317.95554
1285,313.8266
1286,333.11365
1287,317.32797
1288,315.3913
1289,318.9546
1290,310.24704
1291,325.88113
1292,316.50015
1293,312.22845
1294,317.29446
1295,328.11597
1296,323.68146
1297,325.671
1298,327.5547
1299,327.78287
1300,322.45895
1301,320.08334
1302,324.73334
1303,327.5355
1304,324.99542
1305,320.7484
1306,328.5548
1307,324.28586
1308,319.21136
1309,327.1862
1310,322.12918
1311,320.9146
1312,327.98654
1313,318.7307
1314,316.90634
1315,313.90826
1316,326.69333
1317,321.14297
1318,315.8494
1319,315.63196
1320,308.03784
1321,314.7259
1322,333.57535
1323,317.7881
1324,322.81815
1325,325.32452
1326,320.40656
1327,322.50284
1328,323.30432
1329,320.55756
1330,310.1819
1331,320.9397
1332,317.22348
1333,325.59543
1334,311.05557
1335,336.26395
1336,318.49738
1337,328.65036
1338,330.84128
1339,326.49887
1340,326.56046
1341,319.1407
1342,321.6074
1343,320.82922
1344,318.06204
1345,331.8405
1346,325.27042
1347,329.62122
1348,335.62338
1349,323.44824
1350,318.49203
1351,324.653
1352,326.99884
1353,328.35443
1354,324.6176
1355,315.36557
1356,316.51202
1357,326.76132
1358,318.993
1359,321.34534
1360,319.99512
1361,318.62302
1362,322.53232
1363,332.55127
1364,315.80615
1365,324.27316
1366,315.35013
1367,337.40173
1368,308.2317
1369,318.4622
1370,318.40408
1371,310.27304
1372,327.37015
1373,324.50394
1374,326.27728
1375,317.57144
1376,316.62143
1377,318.4338
1378,332.41345
1379,317.30124
1380,319.78204
1381,319.1889
1382,314.25998
1383,324.99808
1384,325.3
1385,321.1304
1386,320.42575
1387,315.78638
1388,320.91666
1389,321.10092
1390,321.0961
1391,313.4716
1392,324.7005
1393,315.62717
1394,325.74136
1395,324.13373
1396,318.6826
1397,322.40723
1398,328.92584
1399,327.89694
1400,321.5929
1401,332.4541
1402,317.11542
1403,311.0228
1404,318.82703
1405,321.7151
1406,313.19775
1407,313.0497
1408,322.86258
1409,307.11093
1410,308.4535
1411,315.0822
1412,328.15207
1413,320.14963
1414,317.64725
1415,312.8918
1416,320.44043
1417,322.88638
1418,324.21094
1419,320.77814
1420,321.84448
1421,317.68896
1422,330.1916
1423,316.80942
1424,322.02542
1425,331.51355
1426,346.68658
1427,322.39642
1428,318.8016
1429,325.67242
1430,318.3303
1431,318.4213
1432,329.2269
1433,324.2722
1434,329.17297
1435,318.6844
1436,323.80313
1437,319.65472
1438,316.2083
1439,328.0722
1440,316.5453
1441,329.47946
1442,331.85712
1443,313.98105
1444,321.64313
1445,311.01663
1446,319.64178
1447,323.88525
1448,320.3885
1449,322.0207
1450,325.23444
1451,341.8688
1452,320.04892
1453,318.8505
1454,322.22025
1455,314.89282
1456,324.79654
1457,314.6195
1458,328.3082
1459,318.29327
1460,322.36728
1461,323.13538
1462,316.78635
1463,325.84445
1464,316.10242
1465,322.15213
1466,323.53616
1467,323.56256
1468,324.6185
1469,325.86578
1470,330.02402
1471,319.33337
1472,325.06314
1473,311.1837
1474,318.82764
1475,321.01013
1476,315.92392
1477,305.51617
1478,311.09735
1479,319.22464
1480,317.47968
1481,312.81982
1482,318.36536
1483,328.47226
1484,330.8877
1485,339.41693
1486,317.23364
1487,329.28888
1488,312.15625
1489,326.01392
1490,313.06058
1491,321.3175
1492,342.4479
1493,327.4709
1494,325.27545
1495,318.38858
1496,323.2403
1497,321.17484
1498,320.68405
1499,323.29398
1500,322.74625
1501,327.97055
1502,313.72644
1503,321.26727
1504,327.2094
1505,321.88092
1506,318.3238
1507,328.07758
1508,313.227
1509,321.737
1510,327.29886
1511,324.93637
1512,321.2704
1513,317.3307
1514,326.5373
1515,333.36237
1516,327.11224
1517,317.9824
1518,331.14362
1519,307.77463
1520,319.65057
1521,314.90845
1522,319.9979
1523,321.81763
1524,325.12082
1525,323.89877
1526,322.83615
1527,330.2459
1528,323.16437
1529,333.1831
1530,315.73917
1531,323.83163
1532,321.03073
1533,329.49548
1534,330.91895
1535,333.6194
1536,324.99823
1537,313.20282
1538,320.98767
1539,318.13736
1540,314.12344
1541,331.37463
1542,315.0398
1543,322.0271
1544,327.4186
1545,324.67053
1546,319.0237
1547,310.6856
1548,317.71967
1549,316.7255
1550,315.72302
1551,321.117
1552,317.08197
1553,326.40103
1554,323.86075
1555,319.46893
1556,332.2854
1557,318.02536
1558,324.7676
1559,327.03918
1560,324.5522
1561,332.4925
1562,317.52005
1563,322.18134
1564,329.84158
1565,319.6317
1566,321.0061
1567,321.7416
1568,318.7742
1569,326.24185
1570,331.48642
1571,321.10645
1572,319.52573
1573,317.47147
1574,328.38678
1575,315.07324
1576,332.92447
1577,324.97137
1578,314.0983
1579,312.58917
1580,314.4982
1581,326.6122
1582,319.77817
1583,316.57898
1584,324.216
1585,334.40433
1586,315.4689
1587,334.79022
1588,333.3316
1589,324.4683
1590,318.37744
1591,320.53836
1592,320.88132
1593,319.45392
1594,330.01358
1595,323.74533
1596,326.03152
1597,327.45917
1598,327.97247
1599,322.7981
1600,316.10483
1601,324.85217
1602,312.53427
1603,328.42276
1604,313.1319
1605,325.07697
1606,311.43445
1607,318.41016
1608,314.44928
1609,336.10788
1610,329.28003
1611,311.09067
1612,316.87363
1613,321.86813
1614,324.6623
1615,320.73825
1616,324.8924
1617,321.8628
1618,322.8535
1619,329.59155
1620,332.9362
1621,324.26022
1622,320.68845
1623,326.6752
1624,327.51297
1625,330.2364
1626,332.61322
1627,322.85193
1628,330.5373
1629,332.28976
1630,322.08206
1631,318.8122
1632,328.0197
1633,334.13876
1634,340.6674
1635,327.60205
1636,324.2426
1637,331.08713
1638,316.1378
1639,330.90842
1640,314.16016
1641,320.66382
1642,320.48077
1643,322.24902
1644,327.48035
1645,323.6989
1646,323.2878
1647,326.48337
1648,323.34726
1649,325.4173
1650,315.74088
1651,316.84924
1652,329.5766
1653,326.1494
1654,324.26434
1655,319.99017
1656,331.8213
1657,333.41443
1658,329.0671
1659,317.82886
1660,318.60007
1661,321.8775
1662,322.65186
1663,326.24835
1664,320.46927
1665,309.54782
1666,330.1592
1667,327.8492
1668,322.8509
1669,350.3033
1670,344.97388
1671,320.12518
1672,317.8789
1673,316.10828
1674,324.45755
1675,317.3289
1676,330.1942
1677,324.559
1678,320.01398
1679,341.97763
1680,319.90414
1681,332.4646
1682,330.6994
1683,330.69183
1684,323.1637
1685,320.77338
1686,310.94952
1687,318.38934
1688,312.45953
1689,328.70312
1690,316.5485
1691,326.24637
1692,323.8605
1693,328.0543
1694,325.65115
1695,326.52203
1696,319.62845
1697,319.10434
1698,329.83658
1699,320.49106
1700,332.05087
1701,326.1046
1702,312.6042
1703,320.8626
1704,317.24542
1705,334.002
1706,340.62753
1707,336.14584
1708,325.8927
1709,321.63412
1710,321.24576
1711,330.087
1712,339.5751
1713,323.8127
1714,329.15277
1715,320.7961
1716,329.5132
1717,324.15652
1718,322.20264
1719,315.26874
1720,339.9722
1721,322.96448
1722,328.91083
1723,320.0683
1724,315.4468
1725,321.3922
1726,320.60632
1727,325.68533
1728,339.9738
1729,329.4618
1730,328.26825
1731,317.91345
1732,319.7451
1733,330.31863
1734,325.10846
1735,316.3042
1736,322.65585
1737,332.33383
1738,327.04517
1739,335.33017
1740,318.15442
1741,330.28308
1742,329.47653
1743,342.7336
1744,360.86447
1745,340.16605
1746,305.66437
1747,314.79
1748,328.40228
1749,328.45078
1750,319.3643
1751,327.42484
1752,311.31345
1753,335.0071
1754,325.86435
1755,312.8715
1756,319.30786
1757,316.90848
1758,321.3643
1759,324.40833
1760,331.77655
1761,323.59778
1762,319.82443
1763,320.90112
1764,344.9282
1765,322.3576
1766,317.64404
1767,323.36972
1768,310.41052
1769,320.90356
1770,321.99094
1771,323.9347
1772,313.78116
1773,338.42227
1774,327.97205
1775,322.71075
1776,320.12283
1777,331.72546
1778,321.63028
1779,315.3356
1780,324.9805
1781,330.27734
1782,320.53574
1783,325.77142
1784,326.0308
1785,329.48724
1786,323.74753
1787,319.21216
1788,317.96478
1789,322.72845
1790,335.78085
1791,326.17392
1792,315.13513
1793,325.06802
1794,325.27466
1795,346.37692
1796,322.89877
1797,319.79648
1798,317.80536
1799,326.93805
1800,319.3267
1801,318.83905
1802,327.32935
1803,317.90952
1804,326.5863
1805,340.87726
1806,320.3449
1807,316.3788
1808,330.97412
1809,326.31442
1810,346.10266
1811,337.2959
1812,320.2419
1813,338.67575
1814,325.7912
1815,313.78647
1816,355.35657
1817,346.35522
1818,334.7549
1819,321.4241
1820,309.72806
1821,318.59802
1822,318.86594
1823,325.57416
1824,319.83026
1825,325.61722
1826,331.98804
1827,327.98126
1828,343.8368
1829,333.7629
1830,323.34702
1831,353.32504
1832,316.36008
1833,321.41956
1834,324.93332
1835,321.25104
1836,327.90045
1837,323.00192
1838,318.67636
1839,327.74966
1840,325.9886
1841,321.9462
1842,324.7106
1843,323.98547
1844,324.24503
1845,319.6735
1846,319.17032
1847,326.9607
1848,327.75192
1849,320.5246
1850,317.48962
1851,324.25684
1852,327.1226
1853,304.88028
1854,319.01978
1855,320.50928
1856,311.82913
1857,317.6425
1858,323.35364
1859,330.70218
1860,336.37393
1861,323.26508
1862,316.01895
1863,315.24408
1864,324.81567
1865,317.6819
1866,320.3903
1867,316.3389
1868,321.23257
1869,320.9697
1870,326.81424
1871,326.23773
1872,317.75247
1873,316.11823
1874,320.67905
1875,322.43515
1876,338.01776
1877,330.1687
1878,312.73624
1879,335.74973
1880,321.88916
1881,336.55847
1882,308.0769
1883,322.40897
1884,328.55652
1885,323.04205
1886,324.07294
1887,314.84415
1888,338.40872
1889,334.07523
1890,325.03745
1891,309.70248
1892,316.4594
1893,324.5158
1894,320.3781
1895,317.92798
1896,322.38617
1897,328.75784
1898,311.04453
1899,328.12503
1900,325.2533
1901,324.7593
1902,322.77133
1903,324.08408
1904,328.62057
1905,317.11932
1906,333.67273
1907,335.97516
1908,317.4693
1909,311.17905
1910,331.23373
1911,320.31595
1912,330.43478
1913,315.06253
1914,329.23444
1915,328.09558
1916,323.1726
1917,313.96558
1918,312.33316
1919,304.81213
1920,308.20828
1921,325.6017
1922,331.92252
1923,326.44345
1924,317.11667
1925,324.10788
1926,317.0472
1927,318.8915
1928,326.8426
1929,317.5277
1930,321.5458
1931,352.75833
1932,350.1923
1933,331.43182
1934,332.30396
1935,311.85257
1936,317.37387
1937,321.01877
1938,316.71933
1939,315.05954
1940,324.69388
1941,329.52106
1942,323.71603
1943,333.12115
1944,319.76355
1945,319.9184
1946,324.1738
1947,323.4781
1948,331.48746
1949,315.43472
1950,319.47266
1951,330.812
1952,338.9337
1953,319.0606
1954,319.10202
1955,313.55588
1956,319.7929
1957,325.0521
1958,319.7434
1959,325.17566
1960,324.0754
1961,325.08496
1962,318.27866
1963,342.36868
1964,330.89005
1965,333.02353
1966,319.04132
1967,317.43597
1968,323.46555
1969,325.1552
1970,324.78687
1971,314.86032
1972,317.4196
1973,322.88333
1974,319.4156
1975,322.18198
1976,325.2276
1977,324.5743
1978,322.7135
1979,320.45013
1980,321.2252
1981,321.15347
1982,320.72714
1983,306.95514
1984,327.53055
1985,342.5978
1986,302.6165
1987,308.9826
1988,312.19254
1989,293.16724
1990,361.7713
1991,414.3837
1992,307.23822
1993,303.04672
1994,478.89667
1995,316.6393
1996,309.03574
1997,316.22723
1998,331.2381
1999,327.5086
2000,319.43015
2001,303.2331
2002,315.14175
2003,300.9621
2004,307.9867
2005,320.95804
2006,319.36667
2007,305.23755
2008,319.36115
2009,321.81375
2010,324.07898
2011,326.17523
2012,316.06314
2013,321.3779
2014,319.03854
2015,320.41245
2016,319.308
2017,311.7775
2018,306.14008
2019,329.16742
2020,327.1291
2021,300.38126
2022,317.90637
2023,300.14105
2024,310.95956
2025,329.1062
2026,324.9461
2027,303.27765
2028,308.44406
2029,310.05878
2030,312.07092
2031,318.91293
2032,320.97015
2033,315.84497
2034,328.80975
2035,323.30725
2036,311.1424
2037,331.76886
2038,307.657
2039,303.45657
2040,307.04962
2041,337.8347
2042,293.41425
2043,301.82648
2044,341.2961
2045,319.69855
2046,326.0325
2047,322.43195
2048,317.46353
2049,315.3121
2050,315.35526
2051,327.01953
2052,302.68692
2053,318.781
2054,325.45343
2055,317.76944
2056,346.70425
2057,364.6911
2058,375.58762
2059,289.96143
2060,307.97665
2061,300.49466
2062,318.17398
2063,296.06784
2064,313.04886
2065,312.53143
2066,292.203
2067,294.85376
2068,300.93808
2069,302.38577
2070,310.38535
2071,297.6326
2072,289.35596
2073,310.53067
2074,300.5941
2075,280.54507
2076,307.11566
2077,313.22476
2078,306.50342
2079,317.07867
2080,281.5368
2081,317.4296
2082,303.63416
2083,320.11844
2084,318.1139
2085,309.354
2086,303.29294
2087,329.61252
2088,294.44498
2089,306.41763
2090,308.9021
2091,326.129
2092,297.65457
2093,294.43326
2094,298.53302
2095,325.38925
2096,284.97473
2097,294.69864
2098,314.4706
2099,320.65305
2100,314.88452
2101,316.48352
2102,300.9228
2103,297.92175
2104,295.02307
2105,297.34888
2106,309.0389
2107,311.59146
2108,326.58057
2109,302.02185
2110,312.89832
2111,313.15457
2112,313.90344
2113,311.8728
2114,295.81802
2115,287.69333
2116,298.14227
2117,316.49963
2118,288.97937
2119,330.26736
2120,317.50217
2121,311.9742
2122,311.61423
2123,301.2283
2124,305.5328
2125,301.26648
2126,298.61032
2127,301.54407
2128,318.47235
2129,311.34912
2130,300.98868
2131,288.01694
2132,294.82913
2133,310.0809
2134,304.81897
2135,346.03644
2136,302.01996
2137,301.74713
2138,320.374
2139,291.4517
2140,299.74005
2141,309.95493
2142,320.5239
2143,299.89835
2144,306.1157
2145,301.72668
2146,284.77368
2147,299.74066
2148,307.30273
2149,289.56122
2150,348.30667
2151,314.19424
2152,309.13242
2153,294.2354
2154,294.3982
2155,300.01544
2156,292.28003
2157,313.0943
2158,307.52487
2159,310.2384
2160,311.53265
2161,307.0593
2162,300.81064
2163,299.37375
2164,288.19067
2165,315.14316
2166,290.9832
2167,310.46356
2168,282.8934
2169,298.51993
2170,309.3309
2171,291.8113
2172,312.75406
2173,293.66486
2174,295.60306
2175,303.34753
2176,294.66235
2177,303.01886
2178,296.24908
2179,305.8732
2180,298.89484
2181,300.15417
2182,314.62796
2183,305.5955
2184,278.7031
2185,287.70142
2186,309.27667
2187,299.30045
2188,300.4216
2189,292.0043
2190,293.5501
2191,297.73865
2192,294.1434
2193,320.6851
2194,303.8624
2195,293.27325
2196,293.962
2197,308.97226
2198,288.16812
2199,308.34998
2200,307.6948
2201,316.78806
2202,286.38123
2203,312.1866
2204,306.6725
2205,286.05328
2206,298.3296
2207,321.30847
2208,310.71848
2209,310.6083
2210,311.9946
2211,303.20612
2212,304.36078
2213,294.98068
2214,310.67758
2215,296.38037
2216,293.84662
2217,315.9383
2218,306.74353
2219,286.63388
2220,320.94186
2221,290.52295
2222,299.3334
2223,295.2339
2224,296.47736
2225,292.37408
2226,294.8439
2227,282.8387
2228,293.29965
2229,305.42047
2230,308.0894
2231,280.44788
2232,315.96674
2233,309.96826
2234,285.64886
2235,289.90656
2236,293.36722
2237,292.5523
2238,286.09476
2239,278.6712
2240,287.96097
2241,301.35626
2242,315.06046
2243,299.90445
2244,287.31866
2245,298.29807
2246,297.7001
2247,290.78574
2248,297.8823
2249,300.49814
2250,304.94913
2251,305.73492
2252,308.53717
2253,288.41135
2254,287.86218
2255,305.35663
2256,305.68393
2257,308.9655
2258,315.34482
2259,301.06168
2260,294.8433
2261,310.83185
2262,312.43387
2263,317.55292
2264,303.04858
2265,296.31302
2266,301.60727
2267,308.7506
2268,276.5166
2269,296.26672
2270,284.1694
2271,288.56738
2272,299.8879
2273,289.55054
2274,298.51077
2275,307.16364
2276,306.32025
2277,291.6185
2278,290.88724
2279,297.09338
2280,301.48737
2281,299.32544
2282,298.02805
2283,305.96735
2284,307.2652
2285,297.477
2286,293.72363
2287,310.63406
2288,299.5623
2289,316.24722
2290,291.42032
2291,309.74707
2292,296.49734
2293,303.8568
2294,305.42065
2295,288.11215
2296,300.0045
2297,295.43115
2298,295.88904
2299,306.92865
2300,303.52524
2301,309.36414
2302,293.95343
2303,294.44864
2304,288.30057
2305,297.43118
2306,302.91962
2307,297.92813
2308,305.52487
2309,301.39948
2310,288.64658
2311,294.1094
2312,318.87436
2313,305.61462
2314,327.69965
2315,303.81723
2316,300.86053
2317,294.91565
2318,293.6468
2319,293.621
2320,346.5999
2321,329.0156
2322,297.64627
2323,286.04248
2324,290.99332
2325,319.82462
2326,306.88962
2327,297.05527
2328,296.55548
2329,316.42685
2330,295.43588
2331,309.05432
2332,310.03848
2333,320.33258
2334,312.74442
2335,295.9597
2336,299.88547
2337,293.39618
2338,302.93948
2339,306.79166
2340,330.05017
2341,326.7806
2342,296.5082
2343,320.73187
2344,295.1947
2345,287.5422
2346,306.04306
2347,299.92316
2348,283.35678
2349,311.4581
2350,291.85007
2351,290.58087
2352,303.41434
2353,301.76694
2354,292.60593
2355,296.78778
2356,307.1778
2357,313.55807
2358,318.43112
2359,290.88
2360,285.62045
2361,304.66403
2362,306.60733
2363,317.9831
2364,299.39276
2365,308.9704
2366,305.45218
2367,293.02075
2368,286.3646
2369,310.71625
2370,340.30542
2371,297.14026
2372,284.73587
2373,297.6011
2374,292.9633
2375,300.45825
2376,308.97275
2377,305.81625
2378,315.80316
2379,293.98508
2380,352.30002
2381,306.91876
2382,318.87888
2383,305.18097
2384,302.4572
2385,320.56757
2386,291.0976
2387,344.02176
2388,313.29132
2389,305.70648
2390,310.69235
2391,320.6237
2392,304.1412
2393,311.44464
2394,307.0687
2395,301.82
2396,319.47446
2397,291.44104
2398,303.00125
2399,288.01727
2400,324.86026
2401,303.6658
2402,302.13474
2403,311.00854
2404,300.6008
2405,293.37103
2406,315.65228
2407,355.77673
2408,301.12762
2409,296.01334
2410,318.39645
2411,312.1229
2412,307.93036
2413,319.51913
2414,302.1678
2415,321.25574
2416,296.35272
2417,304.6107
2418,312.64413
2419,307.786
2420,296.17438
2421,297.28668
2422,313.7506
2423,302.22913
2424,314.5618
2425,309.2074
2426,318.70734
2427,302.76965
2428,313.29803
2429,305.80566
2430,320.70938
2431,294.7765
2432,304.45557
2433,293.31754
2434,312.22952
2435,323.46155
2436,298.48666
2437,290.85992
2438,307.58102
2439,309.5515
2440,308.91592
2441,293.21613
2442,310.50885
2443,298.22635
2444,304.6769
2445,312.14413
2446,316.9477
2447,321.4003
2448,308.13184
2449,301.55066
2450,300.98138
2451,278.79227
2452,300.23346
2453,319.0651
2454,311.04153
2455,294.94482
2456,293.2039
2457,317.68924
2458,313.91757
2459,309.7051
2460,310.92447
2461,316.35522
2462,310.19174
2463,308.03488
2464,301.31595
2465,316.2058
2466,318.80457
2467,329.6608
2468,315.71088
2469,318.69943
2470,308.15048
2471,302.1619
2472,312.80942
2473,309.68912
2474,317.52423
2475,324.5867
2476,323.15652
2477,307.52087
2478,300.08453
2479,328.4948
2480,298.8018
2481,303.43573
2482,299.63022
2483,302.42313
2484,317.65213
2485,309.08203
2486,308.97375
2487,313.88202
2488,315.70615
2489,307.54507
2490,314.90128
2491,304.78146
2492,299.2584
2493,304.814
2494,299.60757
2495,312.01535
2496,308.5755
2497,318.3778
2498,295.26013
2499,310.67496
2500,308.1389
2501,320.06583
2502,319.68137
2503,319.62576
2504,305.63586
2505,312.883
2506,308.4286
2507,304.07645
2508,322.19006
